LineId;NormalizedAngle;EntryPointX;EntryPointY;EntryAngle;ConfidenceScore;AmbiguityProb;NeedsReview;RuleApplied
0;0;8468.1487;209885.5138;180;0.9999953508377075;0.6305091977119446;True;"EntryScorer; BaseModel; AMBIGUOUS(review)"
1;0;8468.1487;206913.7138;180;0.9999957084655762;0.6319717168807983;True;"EntryScorer; BaseModel; AMBIGUOUS(review)"
2;0;8468.1487;203941.9138;180;0.9999957084655762;0.6319717168807983;True;"EntryScorer; BaseModel; AMBIGUOUS(review)"
3;0;8468.1487;200970.1138;180;0.9999951124191284;0.6293792128562927;True;"EntryScorer; BaseModel; AMBIGUOUS(review)"
4;0;8468.1487;197998.3138;180;0.9999949932098389;0.6290695071220398;True;"EntryScorer; BaseModel; AMBIGUOUS(review)"
5;0;8468.1487;195026.5138;180;0.9999957084655762;0.6319717168807983;True;"EntryScorer; BaseModel; AMBIGUOUS(review)"
6;0;8468.1487;192054.7138;180;0.999995231628418;0.62999427318573;True;"EntryScorer; BaseModel; AMBIGUOUS(review)"
7;0;8468.1487;189082.9138;180;0.9999957084655762;0.6319717168807983;True;"EntryScorer; BaseModel; AMBIGUOUS(review)"
8;0;8468.1487;186111.1138;180;0.9999957084655762;0.6319717168807983;True;"EntryScorer; BaseModel; AMBIGUOUS(review)"
9;0;8468.1487;183139.3138;180;0.999995231628418;0.6300005316734314;True;"EntryScorer; BaseModel; AMBIGUOUS(review)"
10;0;8468.1487;180167.5138;180;0.9999957084655762;0.6319717168807983;True;"EntryScorer; BaseModel; AMBIGUOUS(review)"
11;0;8468.1487;177195.7138;180;0.9999954700469971;0.63108891248703;True;"EntryScorer; BaseModel; AMBIGUOUS(review)"
12;0;8468.1487;174223.9138;180;0.9999957084655762;0.6319717168807983;True;"EntryScorer; BaseModel; AMBIGUOUS(review)"
13;0;8468.1487;171252.1138;180;0.9999957084655762;0.6319717168807983;True;"EntryScorer; BaseModel; AMBIGUOUS(review)"
14;0;8468.1487;162281.7138;180;0.9999954700469971;0.6310583353042603;True;"EntryScorer; BaseModel; AMBIGUOUS(review)"
15;0;8468.1487;159309.9138;180;0.9999957084655762;0.6319717168807983;True;"EntryScorer; BaseModel; AMBIGUOUS(review)"
16;0;8468.1487;165253.5138;180;0.9999957084655762;0.6319717168807983;True;"EntryScorer; BaseModel; AMBIGUOUS(review)"
17;0;8468.1487;156338.1138;180;0.9999957084655762;0.6319717168807983;True;"EntryScorer; BaseModel; AMBIGUOUS(review)"
18;0;8468.1487;153366.3138;180;0.9999955892562866;0.6313572525978088;True;"EntryScorer; BaseModel; AMBIGUOUS(review)"
19;0;8468.1487;150394.5138;180;0.9998495578765869;0.6366316080093384;True;"EntryScorer; BaseModel; AMBIGUOUS(review)"
20;0;8468.1487;147422.7138;180;0.9998512268066406;0.6367711424827576;True;"EntryScorer; BaseModel; AMBIGUOUS(review)"
21;0;8468.1487;144450.9138;180;0.9998458623886108;0.6363340616226196;True;"EntryScorer; BaseModel; AMBIGUOUS(review)"
22;0;8468.1487;141479.1138;180;0.9998557567596436;0.6371607184410095;True;"EntryScorer; BaseModel; AMBIGUOUS(review)"
23;0;8468.1487;132563.7138;180;0.9998010993003845;0.6336444020271301;True;"EntryScorer; BaseModel; AMBIGUOUS(review)"
24;0;8468.1487;129591.9138;180;0.9998557567596436;0.6371607184410095;True;"EntryScorer; BaseModel; AMBIGUOUS(review)"
25;0;8468.1487;138507.3138;180;0.999854326248169;0.6370375156402588;True;"EntryScorer; BaseModel; AMBIGUOUS(review)"
26;0;8468.1487;135535.5138;180;0.9998557567596436;0.6371607184410095;True;"EntryScorer; BaseModel; AMBIGUOUS(review)"
27;0;8468.1487;76870.2454;180;0.9998456239700317;0.5897895693778992;True;"EntryScorer; BaseModel; AMBIGUOUS(review)"
28;0;8468.1487;73898.4454;180;0.9998348951339722;0.5806339979171753;True;"EntryScorer; BaseModel; AMBIGUOUS(review)"
29;0;8468.1487;70926.6454;180;0.9998456239700317;0.5815856456756592;True;"EntryScorer; BaseModel; AMBIGUOUS(review)"
30;0;8468.1487;67954.8454;180;0.9998441934585571;0.5814469456672668;True;"EntryScorer; BaseModel; AMBIGUOUS(review)"
31;0;8468.1487;64983.0454;180;0.9998456239700317;0.5815856456756592;True;"EntryScorer; BaseModel; AMBIGUOUS(review)"
32;0;8468.1487;62011.2454;180;0.99983811378479;0.5809073448181152;True;"EntryScorer; BaseModel; AMBIGUOUS(review)"
33;0;8468.1487;53095.8454;180;0.9998282194137573;0.58009272813797;True;"EntryScorer; BaseModel; AMBIGUOUS(review)"
34;0;8468.1487;50124.0454;180;0.9998456239700317;0.5815856456756592;True;"EntryScorer; BaseModel; AMBIGUOUS(review)"
35;0;8468.1487;59039.4454;180;0.9998205304145813;0.579538106918335;True;"EntryScorer; BaseModel; AMBIGUOUS(review)"
36;0;8468.1487;56067.6454;180;0.999784529209137;0.5774155855178833;True;"EntryScorer; BaseModel; AMBIGUOUS(review)"
37;0;8468.1487;47152.2454;180;0.9998348951339722;0.5806301832199097;True;"EntryScorer; BaseModel; AMBIGUOUS(review)"
38;0;8468.1487;44180.4454;180;0.9998456239700317;0.5815856456756592;True;"EntryScorer; BaseModel; AMBIGUOUS(review)"
39;0;8468.1487;37972.9454;180;0.9998456239700317;0.5815856456756592;True;"EntryScorer; BaseModel; AMBIGUOUS(review)"
40;0;8468.1487;35001.1454;180;0.9997984766960144;0.5781923532485962;True;"EntryScorer; BaseModel; AMBIGUOUS(review)"
41;0;8468.1487;32029.3454;180;0.9998455047607422;0.5815668702125549;True;"EntryScorer; BaseModel; AMBIGUOUS(review)"
42;0;8468.1487;21981.7454;180;0.9998249411582947;0.5798497200012207;True;"EntryScorer; BaseModel; AMBIGUOUS(review)"
43;0;8468.1487;19009.9454;180;0.9998360872268677;0.5807304978370667;True;"EntryScorer; BaseModel; AMBIGUOUS(review)"
44;0;8468.1487;29057.5454;180;0.9998456239700317;0.5815856456756592;True;"EntryScorer; BaseModel; AMBIGUOUS(review)"
45;0;8468.1487;24953.5454;180;0.9998249411582947;0.5798497200012207;True;"EntryScorer; BaseModel; AMBIGUOUS(review)"
46;0;4173.1487;22361.0438;0;0.987321674823761;0.9642096161842346;True;"EntryScorer; BaseModel; AMBIGUOUS(review)"
47;0;4173.1487;25332.8438;0;0.987321674823761;0.9642096161842346;True;"EntryScorer; BaseModel; AMBIGUOUS(review)"
48;0;4173.1487;28304.6438;0;0.9878239631652832;0.9640060663223267;True;"EntryScorer; BaseModel; AMBIGUOUS(review)"
49;0;4173.1487;31276.4438;0;0.9882102012634277;0.9638423323631287;True;"EntryScorer; BaseModel; AMBIGUOUS(review)"
50;0;4173.1487;34248.2438;0;0.9865139126777649;0.964516818523407;True;"EntryScorer; BaseModel; AMBIGUOUS(review)"
51;0;4173.1487;37220.0438;0;0.9876713752746582;0.9640689492225647;True;"EntryScorer; BaseModel; AMBIGUOUS(review)"
52;0;4173.1487;46135.4438;0;0.98723965883255;0.9642419815063477;True;"EntryScorer; BaseModel; AMBIGUOUS(review)"
53;0;4173.1487;49107.2438;0;0.9876328706741333;0.9640846848487854;True;"EntryScorer; BaseModel; AMBIGUOUS(review)"
54;0;4173.1487;40191.8438;0;0.9882102012634277;0.9638423323631287;True;"EntryScorer; BaseModel; AMBIGUOUS(review)"
55;0;4173.1487;43163.6438;0;0.9869956374168396;0.9643365144729614;True;"EntryScorer; BaseModel; AMBIGUOUS(review)"
56;0;4173.1487;52079.0438;0;0.9882102012634277;0.9638423323631287;True;"EntryScorer; BaseModel; AMBIGUOUS(review)"
57;0;4173.1487;55050.8438;0;0.9856892824172974;0.9647098183631897;True;"EntryScorer; BaseModel; AMBIGUOUS(review)"
58;0;4173.1487;58022.6438;0;0.9862202405929565;0.9646228551864624;True;"EntryScorer; BaseModel; AMBIGUOUS(review)"
59;0;4173.1487;60994.4438;0;0.9882102012634277;0.9638423323631287;True;"EntryScorer; BaseModel; AMBIGUOUS(review)"
60;0;4173.1487;63966.2438;0;0.9879547357559204;0.9639512896537781;True;"EntryScorer; BaseModel; AMBIGUOUS(review)"
61;0;4173.1487;66938.0438;0;0.9882102012634277;0.9638423323631287;True;"EntryScorer; BaseModel; AMBIGUOUS(review)"
62;0;4173.1487;75853.4438;0;0.9878531694412231;0.9639939665794373;True;"EntryScorer; BaseModel; AMBIGUOUS(review)"
63;0;4173.1487;69909.8438;0;0.987239420413971;0.9642419815063477;True;"EntryScorer; BaseModel; AMBIGUOUS(review)"
64;0;4173.1487;72881.6438;0;0.9882102012634277;0.9638423323631287;True;"EntryScorer; BaseModel; AMBIGUOUS(review)"
65;0;4173.1487;164113.033;0;0.9979332685470581;0.9808157086372375;True;"EntryScorer; BaseModel; AMBIGUOUS(review)"
66;0;4173.1487;167084.833;0;0.9980560541152954;0.980880618095398;True;"EntryScorer; BaseModel; AMBIGUOUS(review)"
67;0;4173.1487;170056.633;0;0.9980560541152954;0.980880618095398;True;"EntryScorer; BaseModel; AMBIGUOUS(review)"
68;0;4173.1487;173028.433;0;0.9980560541152954;0.980880618095398;True;"EntryScorer; BaseModel; AMBIGUOUS(review)"
69;0;4173.1487;181943.833;0;0.9980560541152954;0.980880618095398;True;"EntryScorer; BaseModel; AMBIGUOUS(review)"
70;0;4173.1487;184915.633;0;0.9979830980300903;0.9808376431465149;True;"EntryScorer; BaseModel; AMBIGUOUS(review)"
71;0;4173.1487;176000.233;0;0.9980560541152954;0.980880618095398;True;"EntryScorer; BaseModel; AMBIGUOUS(review)"
72;0;4173.1487;178972.033;0;0.9980452060699463;0.9808732867240906;True;"EntryScorer; BaseModel; AMBIGUOUS(review)"
73;0;4173.1487;187887.433;0;0.9980560541152954;0.980880618095398;True;"EntryScorer; BaseModel; AMBIGUOUS(review)"
74;0;4173.1487;190859.233;0;0.9980560541152954;0.980880618095398;True;"EntryScorer; BaseModel; AMBIGUOUS(review)"
75;0;4173.1487;193831.033;0;0.997982382774353;0.9808372855186462;True;"EntryScorer; BaseModel; AMBIGUOUS(review)"
76;0;4173.1487;196802.833;0;0.9980560541152954;0.980880618095398;True;"EntryScorer; BaseModel; AMBIGUOUS(review)"
77;0;4173.1487;199774.633;0;0.9978634715080261;0.9807853698730469;True;"EntryScorer; BaseModel; AMBIGUOUS(review)"
78;0;4173.1487;202746.433;0;0.9980560541152954;0.980880618095398;True;"EntryScorer; BaseModel; AMBIGUOUS(review)"
79;0;4173.1487;205718.233;0;0.9980560541152954;0.980880618095398;True;"EntryScorer; BaseModel; AMBIGUOUS(review)"
80;0;4173.1487;208690.033;0;0.997718870639801;0.9807223677635193;True;"EntryScorer; BaseModel; AMBIGUOUS(review)"
81;0;4173.1487;129591.9138;0;0.9867576956748962;0.9752079248428345;True;"EntryScorer; BaseModel; AMBIGUOUS(review)"
82;0;4173.1487;132563.7138;0;0.984069287776947;0.9739713668823242;True;"EntryScorer; BaseModel; AMBIGUOUS(review)"
83;0;4173.1487;135535.5138;0;0.9867576956748962;0.9752079248428345;True;"EntryScorer; BaseModel; AMBIGUOUS(review)"
84;0;4173.1487;138507.3138;0;0.9866839051246643;0.9751780033111572;True;"EntryScorer; BaseModel; AMBIGUOUS(review)"
85;0;4173.1487;147422.7138;0;0.9865208864212036;0.9751039743423462;True;"EntryScorer; BaseModel; AMBIGUOUS(review)"
86;0;4173.1487;150394.5138;0;0.9864333868026733;0.9750643372535706;True;"EntryScorer; BaseModel; AMBIGUOUS(review)"
87;0;4173.1487;141479.1138;0;0.9867576956748962;0.9752079248428345;True;"EntryScorer; BaseModel; AMBIGUOUS(review)"
88;0;4173.1487;144450.9138;0;0.9862421751022339;0.9749776124954224;True;"EntryScorer; BaseModel; AMBIGUOUS(review)"
89;0;4173.1487;153366.3138;0;0.9980176687240601;0.9808558821678162;True;"EntryScorer; BaseModel; AMBIGUOUS(review)"
90;0;4173.1487;156338.1138;0;0.9980560541152954;0.9809589982032776;True;"EntryScorer; BaseModel; AMBIGUOUS(review)"
91;0;-52742.6513;130265.7016;180;0.5763867497444153;0.5439395308494568;False;"EntryScorer; BaseModel"
92;0;-52742.6513;133237.5016;180;0.5807501077651978;0.544117271900177;False;"EntryScorer; BaseModel"
93;0;-52742.6513;136209.3016;180;0.5776633620262146;0.5439584851264954;False;"EntryScorer; BaseModel"
94;0;-52742.6513;139181.1016;180;0.5799108743667603;0.5440741181373596;False;"EntryScorer; BaseModel"
95;0;-52742.6513;142152.9016;180;0.578938901424408;0.5440241694450378;False;"EntryScorer; BaseModel"
96;0;-52742.6513;145124.7016;180;0.5799108743667603;0.5440741181373596;False;"EntryScorer; BaseModel"
97;0;-52742.6513;148096.5016;180;0.5800688862800598;0.5440821051597595;False;"EntryScorer; BaseModel"
98;0;-52742.6513;151068.3016;180;0.5803878307342529;0.5442271828651428;False;"EntryScorer; BaseModel"
99;0;-72410.5904;127588.1688;0;0.9998875856399536;0.6177948117256165;True;"EntryScorer; BaseModel; AMBIGUOUS(review)"
100;0;-72410.5904;145418.9688;0;0.99988853931427;0.6117038726806641;True;"EntryScorer; BaseModel; AMBIGUOUS(review)"
101;0;-57040.2208;145418.9688;0;0.99988853931427;0.6117038726806641;True;"EntryScorer; BaseModel; AMBIGUOUS(review)"
102;0;-72410.5904;142447.1688;0;0.9998894929885864;0.6114636659622192;True;"EntryScorer; BaseModel; AMBIGUOUS(review)"
103;0;-57040.2208;142447.1688;0;0.9998894929885864;0.6114636659622192;True;"EntryScorer; BaseModel; AMBIGUOUS(review)"
104;0;-72410.5904;139475.3688;0;0.99988853931427;0.6114623546600342;True;"EntryScorer; BaseModel; AMBIGUOUS(review)"
105;0;-57040.2208;139475.3688;0;0.99988853931427;0.6114622354507446;True;"EntryScorer; BaseModel; AMBIGUOUS(review)"
106;0;-72410.5904;136503.5688;0;0.99988853931427;0.6114622354507446;True;"EntryScorer; BaseModel; AMBIGUOUS(review)"
107;0;-57040.2208;136503.5688;0;0.99988853931427;0.6114622354507446;True;"EntryScorer; BaseModel; AMBIGUOUS(review)"
108;0;-72410.5904;133531.7688;0;0.999891996383667;0.6114506125450134;True;"EntryScorer; BaseModel; AMBIGUOUS(review)"
109;0;-57040.2208;133531.7688;0;0.999891996383667;0.6114506125450134;True;"EntryScorer; BaseModel; AMBIGUOUS(review)"
110;0;-72410.5904;130559.9688;0;0.9998873472213745;0.6116106510162354;True;"EntryScorer; BaseModel; AMBIGUOUS(review)"
111;0;-57040.2208;130559.9688;0;0.9998873472213745;0.6116105318069458;True;"EntryScorer; BaseModel; AMBIGUOUS(review)"
112;0;-72410.5904;148390.7688;0;0.9998884201049805;0.6406954526901245;True;"EntryScorer; BaseModel; AMBIGUOUS(review)"
113;0;-57040.2208;148390.7688;0;0.9998884201049805;0.6406954526901245;True;"EntryScorer; BaseModel; AMBIGUOUS(review)"
114;0;-83483.384;148390.7625;180;0.9888161420822144;0.6314517259597778;True;"EntryScorer; BaseModel; AMBIGUOUS(review)"
115;0;-68113.0145;148390.7625;180;0.9888161420822144;0.6314540505409241;True;"EntryScorer; BaseModel; AMBIGUOUS(review)"
116;0;-83483.384;145418.9625;180;0.9888840913772583;0.6108936071395874;True;"EntryScorer; BaseModel; AMBIGUOUS(review)"
117;0;-68113.0145;145418.9625;180;0.9888840913772583;0.6108959317207336;True;"EntryScorer; BaseModel; AMBIGUOUS(review)"
118;0;-83483.384;142447.1625;180;0.9892934560775757;0.6108294129371643;True;"EntryScorer; BaseModel; AMBIGUOUS(review)"
119;0;-68113.0145;142447.1625;180;0.9892934560775757;0.6108318567276001;True;"EntryScorer; BaseModel; AMBIGUOUS(review)"
120;0;-83483.384;139475.3625;180;0.9888840913772583;0.6108059287071228;True;"EntryScorer; BaseModel; AMBIGUOUS(review)"
121;0;-68113.0145;139475.3625;180;0.9888840913772583;0.6108084917068481;True;"EntryScorer; BaseModel; AMBIGUOUS(review)"
122;0;-83483.384;136503.5625;180;0.9888578653335571;0.6108043789863586;True;"EntryScorer; BaseModel; AMBIGUOUS(review)"
123;0;-68113.0145;136503.5625;180;0.9888578653335571;0.6108070611953735;True;"EntryScorer; BaseModel; AMBIGUOUS(review)"
124;0;-83483.384;133531.7625;180;0.9849287867546082;0.610581636428833;True;"EntryScorer; BaseModel; AMBIGUOUS(review)"
125;0;-68113.0145;133531.7625;180;0.9849287867546082;0.6105842590332031;True;"EntryScorer; BaseModel; AMBIGUOUS(review)"
126;0;-83483.384;130559.9625;180;0.9882962107658386;0.6108183860778809;True;"EntryScorer; BaseModel; AMBIGUOUS(review)"
127;0;-68113.0145;130559.9625;180;0.9882963299751282;0.6108208298683167;True;"EntryScorer; BaseModel; AMBIGUOUS(review)"
128;0;-83483.384;127588.1625;180;0.988404393196106;0.6145485043525696;True;"EntryScorer; BaseModel; AMBIGUOUS(review)"
129;0;-68113.0145;127588.1625;180;0.5820919275283813;0.9232913851737976;True;"EntryScorer; BaseModel; AMBIGUOUS(review)"
130;0;-87780.9535;145928.4451;0;0.9992403984069824;0.8250276446342468;True;"EntryScorer; BaseModel; AMBIGUOUS(review)"
131;0;-87780.9535;142956.6451;0;0.9992502331733704;0.820539653301239;True;"EntryScorer; BaseModel; AMBIGUOUS(review)"
132;0;-87780.9535;139984.8451;0;0.9992364645004272;0.8226560950279236;True;"EntryScorer; BaseModel; AMBIGUOUS(review)"
133;0;-87780.9535;137013.0451;0;0.9992412328720093;0.8215703368186951;True;"EntryScorer; BaseModel; AMBIGUOUS(review)"
134;0;-87780.9535;134041.2451;0;0.9992949962615967;0.8281692266464233;True;"EntryScorer; BaseModel; AMBIGUOUS(review)"
135;0;-87780.9535;131069.4451;0;0.9992364645004272;0.8225951194763184;True;"EntryScorer; BaseModel; AMBIGUOUS(review)"
136;0;-87780.9535;128097.6451;0;0.9992949962615967;0.8281692266464233;True;"EntryScorer; BaseModel; AMBIGUOUS(review)"
137;90;-53940.3955;38519.6042;270;0.9999996423721313;0.3968406319618225;False;"EntryScorer; BaseModel"
138;90;-53940.3955;49387.5829;90;0.999943733215332;0.42200997471809387;False;"EntryScorer; BaseModel"
139;90;-53940.3955;54837.5829;270;0.9999966621398926;0.3333587646484375;False;"EntryScorer; BaseModel"
140;90;-53940.3955;64181.5646;90;0.9999127388000488;0.39848241209983826;False;"EntryScorer; BaseModel"
141;90;-38548.4199;38519.6042;270;1.0;0.39684033393859863;False;"EntryScorer; BaseModel"
142;90;-38548.4199;49387.5829;90;0.9999862909317017;0.42201903462409973;False;"EntryScorer; BaseModel"
143;90;-38548.4199;54837.5829;270;0.9999996423721313;0.33335840702056885;False;"EntryScorer; BaseModel"
144;90;-38548.4199;64181.5646;90;0.9999796152114868;0.3984958827495575;False;"EntryScorer; BaseModel"
145;90;-75104.362;49387.5829;90;0.999923586845398;0.4220081567764282;False;"EntryScorer; BaseModel"
146;90;-75104.362;64181.5646;90;0.9999163150787354;0.39848265051841736;False;"EntryScorer; BaseModel"
147;90;-75104.362;69528.7891;270;0.9999969005584717;0.3121068477630615;False;"EntryScorer; BaseModel"
148;90;-75104.362;78872.7708;90;0.9999212026596069;0.3453763425350189;False;"EntryScorer; BaseModel"
149;90;-73180.365;38519.6042;270;0.9999996423721313;0.3968406319618225;False;"EntryScorer; BaseModel"
150;90;-73180.365;49387.5829;90;0.9999456405639648;0.4220096468925476;False;"EntryScorer; BaseModel"
151;90;-73180.365;54837.5829;270;0.9999970197677612;0.333359032869339;False;"EntryScorer; BaseModel"
152;90;-73180.365;64181.5646;90;0.9999172687530518;0.39848271012306213;False;"EntryScorer; BaseModel"
153;90;-73180.365;69528.7891;270;0.9999969005584717;0.3121068477630615;False;"EntryScorer; BaseModel"
154;90;-73180.365;78872.7708;90;0.9999212026596069;0.3453763425350189;False;"EntryScorer; BaseModel"
155;90;-71256.3681;38519.6042;270;0.9999996423721313;0.3968406319618225;False;"EntryScorer; BaseModel"
156;90;-71256.3681;49387.5829;90;0.9999457597732544;0.42200979590415955;False;"EntryScorer; BaseModel"
157;90;-71256.3681;54837.5829;270;0.9999970197677612;0.333359032869339;False;"EntryScorer; BaseModel"
158;90;-71256.3681;64181.5646;90;0.9999173879623413;0.39848291873931885;False;"EntryScorer; BaseModel"
159;90;-71256.3681;69528.7891;270;0.9999969005584717;0.3121068477630615;False;"EntryScorer; BaseModel"
160;90;-71256.3681;78872.7708;90;0.9999213218688965;0.3453766703605652;False;"EntryScorer; BaseModel"
161;90;-69332.3711;38519.6042;270;0.9999996423721313;0.3968406319618225;False;"EntryScorer; BaseModel"
162;90;-69332.3711;49387.5829;90;0.9999456405639648;0.4220096468925476;False;"EntryScorer; BaseModel"
163;90;-69332.3711;54837.5829;270;0.9999970197677612;0.333359032869339;False;"EntryScorer; BaseModel"
164;90;-69332.3711;64181.5646;90;0.9999172687530518;0.39848271012306213;False;"EntryScorer; BaseModel"
165;90;-69332.3711;69528.7891;270;0.9999969005584717;0.3121068477630615;False;"EntryScorer; BaseModel"
166;90;-69332.3711;78872.7708;90;0.9999212026596069;0.3453763425350189;False;"EntryScorer; BaseModel"
167;90;-67408.3742;38519.6042;270;0.9999996423721313;0.3968406319618225;False;"EntryScorer; BaseModel"
168;90;-67408.3742;49387.5829;90;0.9999455213546753;0.42200955748558044;False;"EntryScorer; BaseModel"
169;90;-67408.3742;54837.5829;270;0.9999969005584717;0.3333591818809509;False;"EntryScorer; BaseModel"
170;90;-67408.3742;64181.5646;90;0.9999169111251831;0.3984825611114502;False;"EntryScorer; BaseModel"
171;90;-67408.3742;69528.7891;270;0.9999969005584717;0.3121068477630615;False;"EntryScorer; BaseModel"
172;90;-67408.3742;78872.7708;90;0.9999208450317383;0.34537652134895325;False;"EntryScorer; BaseModel"
173;90;-65484.3772;38519.6042;270;0.9999996423721313;0.3968406319618225;False;"EntryScorer; BaseModel"
174;90;-65484.3772;49387.5829;90;0.9999456405639648;0.4220096468925476;False;"EntryScorer; BaseModel"
175;90;-65484.3772;54837.5829;270;0.9999970197677612;0.333359032869339;False;"EntryScorer; BaseModel"
176;90;-65484.3772;64181.5646;90;0.9999172687530518;0.39848271012306213;False;"EntryScorer; BaseModel"
177;90;-65484.3772;69528.7891;270;0.9999969005584717;0.3121068477630615;False;"EntryScorer; BaseModel"
178;90;-65484.3772;78872.7708;90;0.9999212026596069;0.3453763425350189;False;"EntryScorer; BaseModel"
179;90;-59712.3864;49387.5829;90;0.9999207258224487;0.42200785875320435;False;"EntryScorer; BaseModel"
180;90;-59712.3864;64181.5646;90;0.9999117851257324;0.3984825015068054;False;"EntryScorer; BaseModel"
181;90;-59712.3864;69528.7891;270;0.999996542930603;0.31210654973983765;False;"EntryScorer; BaseModel"
182;90;-59712.3864;78872.7708;90;0.9999169111251831;0.3453758656978607;False;"EntryScorer; BaseModel"
183;90;-57788.3894;38519.6042;270;0.9999996423721313;0.3968406319618225;False;"EntryScorer; BaseModel"
184;90;-57788.3894;49387.5829;90;0.9999438524246216;0.4220096468925476;False;"EntryScorer; BaseModel"
185;90;-57788.3894;54837.5829;270;0.9999966621398926;0.3333587050437927;False;"EntryScorer; BaseModel"
186;90;-57788.3894;64181.5646;90;0.9999130964279175;0.3984825611114502;False;"EntryScorer; BaseModel"
187;90;-57788.3894;69528.7891;270;0.999996542930603;0.31210654973983765;False;"EntryScorer; BaseModel"
188;90;-57788.3894;78872.7708;90;0.9999172687530518;0.34537628293037415;False;"EntryScorer; BaseModel"
189;90;-55864.3925;38519.6042;270;0.9999996423721313;0.3968406319618225;False;"EntryScorer; BaseModel"
190;90;-55864.3925;49387.5829;90;0.9999438524246216;0.4220096468925476;False;"EntryScorer; BaseModel"
191;90;-55864.3925;54837.5829;270;0.9999966621398926;0.3333587050437927;False;"EntryScorer; BaseModel"
192;90;-55864.3925;64181.5646;90;0.9999130964279175;0.3984825611114502;False;"EntryScorer; BaseModel"
193;90;-55864.3925;69528.7891;270;0.999996542930603;0.31210654973983765;False;"EntryScorer; BaseModel"
194;90;-55864.3925;78872.7708;90;0.9999172687530518;0.34537628293037415;False;"EntryScorer; BaseModel"
195;90;-52016.3986;38519.6042;270;0.9999996423721313;0.3968406319618225;False;"EntryScorer; BaseModel"
196;90;-52016.3986;49387.5829;90;0.9999438524246216;0.4220096468925476;False;"EntryScorer; BaseModel"
197;90;-52016.3986;54837.5829;270;0.9999966621398926;0.3333587050437927;False;"EntryScorer; BaseModel"
198;90;-52016.3986;64181.5646;90;0.9999130964279175;0.3984825611114502;False;"EntryScorer; BaseModel"
199;90;-52016.3986;69528.7891;270;0.999996542930603;0.31210654973983765;False;"EntryScorer; BaseModel"
200;90;-52016.3986;78872.7708;90;0.9999172687530518;0.34537628293037415;False;"EntryScorer; BaseModel"
201;90;-50092.4016;38519.6042;270;0.9999996423721313;0.3968406319618225;False;"EntryScorer; BaseModel"
202;90;-50092.4016;49387.5829;90;0.9999438524246216;0.4220096468925476;False;"EntryScorer; BaseModel"
203;90;-50092.4016;54837.5829;270;0.9999966621398926;0.3333587050437927;False;"EntryScorer; BaseModel"
204;90;-50092.4016;64181.5646;90;0.9999130964279175;0.3984825611114502;False;"EntryScorer; BaseModel"
205;90;-50092.4016;69528.7891;270;0.999996542930603;0.31210654973983765;False;"EntryScorer; BaseModel"
206;90;-50092.4016;78872.7708;90;0.9999172687530518;0.34537628293037415;False;"EntryScorer; BaseModel"
207;90;-42396.4138;38519.6042;270;1.0;0.39684033393859863;False;"EntryScorer; BaseModel"
208;90;-42396.4138;49387.5829;90;0.9999861717224121;0.42201903462409973;False;"EntryScorer; BaseModel"
209;90;-42396.4138;54837.5829;270;0.9999996423721313;0.333358496427536;False;"EntryScorer; BaseModel"
210;90;-42396.4138;64181.5646;90;0.9999796152114868;0.3984960615634918;False;"EntryScorer; BaseModel"
211;90;-42396.4138;69528.7891;270;0.9999996423721313;0.3121061623096466;False;"EntryScorer; BaseModel"
212;90;-42396.4138;78872.7708;90;0.9999793767929077;0.34538930654525757;False;"EntryScorer; BaseModel"
213;90;-40472.4168;38519.6042;270;1.0;0.39684033393859863;False;"EntryScorer; BaseModel"
214;90;-40472.4168;49387.5829;90;0.9999861717224121;0.42201903462409973;False;"EntryScorer; BaseModel"
215;90;-40472.4168;54837.5829;270;0.9999996423721313;0.333358496427536;False;"EntryScorer; BaseModel"
216;90;-40472.4168;64181.5646;90;0.9999796152114868;0.3984960615634918;False;"EntryScorer; BaseModel"
217;90;-40472.4168;69528.7891;270;0.9999996423721313;0.3121061623096466;False;"EntryScorer; BaseModel"
218;90;-40472.4168;78872.7708;90;0.9999793767929077;0.34538930654525757;False;"EntryScorer; BaseModel"
219;90;-36624.4229;38519.6042;270;1.0;0.39684033393859863;False;"EntryScorer; BaseModel"
220;90;-36624.4229;49387.5829;90;0.9999861717224121;0.42201903462409973;False;"EntryScorer; BaseModel"
221;90;-36624.4229;54837.5829;270;0.9999996423721313;0.333358496427536;False;"EntryScorer; BaseModel"
222;90;-36624.4229;64181.5646;90;0.9999796152114868;0.3984960615634918;False;"EntryScorer; BaseModel"
223;90;-36624.4229;69528.7891;270;0.9999996423721313;0.3121061623096466;False;"EntryScorer; BaseModel"
224;90;-36624.4229;78872.7708;90;0.9999793767929077;0.34538930654525757;False;"EntryScorer; BaseModel"
225;90;-34700.426;38519.6042;270;1.0;0.39684033393859863;False;"EntryScorer; BaseModel"
226;90;-34700.426;49387.5829;90;0.9999861717224121;0.4220188856124878;False;"EntryScorer; BaseModel"
227;90;-34700.426;54837.5829;270;0.9999996423721313;0.333358496427536;False;"EntryScorer; BaseModel"
228;90;-34700.426;64181.5646;90;0.9999796152114868;0.3984958827495575;False;"EntryScorer; BaseModel"
229;90;-34700.426;69528.7891;270;0.9999996423721313;0.3121061623096466;False;"EntryScorer; BaseModel"
230;90;-34700.426;78872.7708;90;0.9999793767929077;0.34538930654525757;False;"EntryScorer; BaseModel"
231;90;-28928.4351;49387.5829;90;0.9999874830245972;0.42201533913612366;False;"EntryScorer; BaseModel"
232;90;-28928.4351;64181.5646;90;0.9999797344207764;0.39849570393562317;False;"EntryScorer; BaseModel"
233;90;-28928.4351;69528.7891;270;0.9999996423721313;0.3121062219142914;False;"EntryScorer; BaseModel"
234;90;-28928.4351;78872.7708;90;0.9999794960021973;0.34538906812667847;False;"EntryScorer; BaseModel"
235;0;-16262.7503;39006.6658;180;0.668327808380127;0.9303313493728638;True;"EntryScorer; BaseModel; AMBIGUOUS(review)"
236;90;-17384.4534;38519.6042;270;0.9999997615814209;0.39684027433395386;False;"EntryScorer; BaseModel"
237;90;-17384.4534;49387.5829;90;0.9999904632568359;0.4220133423805237;False;"EntryScorer; BaseModel"
238;90;-17384.4534;54837.5829;270;0.9996781349182129;0.29443642497062683;False;"EntryScorer; BaseModel"
239;90;-17384.4534;64181.5646;90;0.9997463822364807;0.3559468686580658;False;"EntryScorer; BaseModel"
240;90;-17384.4534;69528.7891;270;0.9999982118606567;0.31210455298423767;False;"EntryScorer; BaseModel"
241;90;-17384.4534;78872.7708;90;0.999984622001648;0.34538063406944275;False;"EntryScorer; BaseModel"
242;90;-19308.4504;38519.6042;270;0.9999998807907104;0.3968401253223419;False;"EntryScorer; BaseModel"
243;90;-19308.4504;49387.5829;90;0.99998939037323;0.42201370000839233;False;"EntryScorer; BaseModel"
244;90;-19308.4504;54837.5829;270;0.9999991655349731;0.3333570063114166;False;"EntryScorer; BaseModel"
245;90;-19308.4504;64181.5646;90;0.9999847412109375;0.39848846197128296;False;"EntryScorer; BaseModel"
246;90;-19308.4504;69528.7891;270;0.9999990463256836;0.31210485100746155;False;"EntryScorer; BaseModel"
247;90;-19308.4504;78872.7708;90;0.999984622001648;0.34538185596466064;False;"EntryScorer; BaseModel"
248;90;-21232.4473;38519.6042;270;1.0;0.39684033393859863;False;"EntryScorer; BaseModel"
249;90;-21232.4473;49387.5829;90;0.9999874830245972;0.4220166802406311;False;"EntryScorer; BaseModel"
250;90;-21232.4473;54837.5829;270;0.9999995231628418;0.3333576023578644;False;"EntryScorer; BaseModel"
251;90;-21232.4473;64181.5646;90;0.9999815225601196;0.3984924256801605;False;"EntryScorer; BaseModel"
252;90;-21232.4473;69528.7891;270;0.9999995231628418;0.3121054172515869;False;"EntryScorer; BaseModel"
253;90;-21232.4473;78872.7708;90;0.9999812841415405;0.34538573026657104;False;"EntryScorer; BaseModel"
254;90;-23156.4443;38519.6042;270;1.0;0.39684033393859863;False;"EntryScorer; BaseModel"
255;90;-23156.4443;49387.5829;90;0.9999868869781494;0.4220178723335266;False;"EntryScorer; BaseModel"
256;90;-23156.4443;54837.5829;270;0.9999996423721313;0.33335819840431213;False;"EntryScorer; BaseModel"
257;90;-23156.4443;64181.5646;90;0.9999805688858032;0.39849406480789185;False;"EntryScorer; BaseModel"
258;90;-23156.4443;69528.7891;270;0.9999996423721313;0.31210583448410034;False;"EntryScorer; BaseModel"
259;90;-23156.4443;78872.7708;90;0.9999803304672241;0.34538763761520386;False;"EntryScorer; BaseModel"
260;90;-27004.4382;38519.6042;270;0.9999998807907104;0.3968401253223419;False;"EntryScorer; BaseModel"
261;90;-27004.4382;49387.5829;90;0.9999901056289673;0.4220127761363983;False;"EntryScorer; BaseModel"
262;90;-27004.4382;54837.5829;270;0.9999985694885254;0.3333570063114166;False;"EntryScorer; BaseModel"
263;90;-27004.4382;64181.5646;90;0.9999855756759644;0.39848706126213074;False;"EntryScorer; BaseModel"
264;90;-27004.4382;69528.7891;270;0.9999984502792358;0.3121046721935272;False;"EntryScorer; BaseModel"
265;90;-27004.4382;78872.7708;90;0.9999855756759644;0.34538036584854126;False;"EntryScorer; BaseModel"
266;90;-25080.4412;38519.6042;270;0.9999998807907104;0.3968401253223419;False;"EntryScorer; BaseModel"
267;90;-25080.4412;49387.5829;90;0.9999891519546509;0.42201438546180725;False;"EntryScorer; BaseModel"
268;90;-25080.4412;54837.5829;270;0.9999992847442627;0.3333573341369629;False;"EntryScorer; BaseModel"
269;90;-25080.4412;64181.5646;90;0.9999841451644897;0.39848893880844116;False;"EntryScorer; BaseModel"
270;90;-25080.4412;69528.7891;270;0.9999991655349731;0.3121047914028168;False;"EntryScorer; BaseModel"
271;90;-25080.4412;78872.7708;90;0.9999839067459106;0.345382422208786;False;"EntryScorer; BaseModel"
272;0;-14738.7533;40930.6627;0;0.5555179715156555;0.8345745801925659;True;"EntryScorer; BaseModel; AMBIGUOUS(review)"
273;0;-14738.7533;42854.6597;0;0.5551132559776306;0.8268077373504639;True;"EntryScorer; BaseModel; AMBIGUOUS(review)"
274;0;-14738.7533;46702.6536;0;0.5493332743644714;0.8240193128585815;True;"EntryScorer; BaseModel; AMBIGUOUS(review)"
275;0;-14738.7533;48626.6506;0;0.560781717300415;0.9518603086471558;True;"EntryScorer; BaseModel; AMBIGUOUS(review)"
276;0;-16262.7503;55600.6475;180;0.644762396812439;0.942298948764801;True;"EntryScorer; BaseModel; AMBIGUOUS(review)"
277;0;-14738.7533;57524.6445;0;0.5543761253356934;0.8302267789840698;True;"EntryScorer; BaseModel; AMBIGUOUS(review)"
278;0;-14738.7533;63296.6353;0;0.5620845556259155;0.9576409459114075;True;"EntryScorer; BaseModel; AMBIGUOUS(review)"
279;0;-16222.4549;70290.7875;180;0.6460331082344055;0.9375145435333252;True;"EntryScorer; BaseModel; AMBIGUOUS(review)"
280;0;-14698.458;72214.7845;0;0.5554653406143188;0.8214136362075806;True;"EntryScorer; BaseModel; AMBIGUOUS(review)"
281;0;-14698.458;74138.7814;0;0.5548062324523926;0.8164329528808594;True;"EntryScorer; BaseModel; AMBIGUOUS(review)"
282;0;-14698.458;76062.7784;0;0.5549578666687012;0.8167255520820618;True;"EntryScorer; BaseModel; AMBIGUOUS(review)"
283;0;-13987.1519;191750.0514;0;0.9671459197998047;0.5674021244049072;True;"EntryScorer; BaseModel; AMBIGUOUS(review)"
284;0;-13987.1519;193674.0484;0;0.9678868055343628;0.3751770853996277;False;"EntryScorer; BaseModel"
285;0;-13987.1519;197522.0423;0;0.9662644267082214;0.3738453984260559;False;"EntryScorer; BaseModel"
286;0;-13987.1519;199446.0392;0;0.9670243859291077;0.37444502115249634;False;"EntryScorer; BaseModel"
287;0;-13987.1519;201370.0362;0;0.9668272733688354;0.553802490234375;True;"EntryScorer; BaseModel; AMBIGUOUS(review)"
288;0;-13987.1519;208360.3814;0;0.9685238599777222;0.5863754749298096;True;"EntryScorer; BaseModel; AMBIGUOUS(review)"
289;0;-13987.1519;210284.3784;0;0.9647793769836426;0.372783362865448;False;"EntryScorer; BaseModel"
290;0;-13987.1519;164609.9669;0;0.9631690382957458;0.37183645367622375;False;"EntryScorer; BaseModel"
291;0;-13987.1519;166533.9638;0;0.9687355756759644;0.3759576976299286;False;"EntryScorer; BaseModel"
292;0;-13987.1519;168457.9608;0;0.9687355756759644;0.5894721746444702;True;"EntryScorer; BaseModel; AMBIGUOUS(review)"
293;90;-47457.0986;174669.9593;270;1.0;0.37665462493896484;False;"EntryScorer; BaseModel"
294;90;-47457.0986;190988.053;270;0.9999616146087646;0.3351689279079437;False;"EntryScorer; BaseModel"
295;90;-47457.0986;207598.383;270;0.9999616146087646;0.3351689279079437;False;"EntryScorer; BaseModel"
296;90;-47457.0986;227071.6986;270;1.0;0.37673595547676086;False;"EntryScorer; BaseModel"
297;90;-47457.0986;244854.4438;270;0.9182435274124146;0.9468172788619995;True;"EntryScorer; BaseModel; AMBIGUOUS(review)"
298;90;-62849.0742;174669.9593;270;0.9999994039535522;0.3766542375087738;False;"EntryScorer; BaseModel"
299;90;-62849.0742;190988.053;270;0.999360978603363;0.33513951301574707;False;"EntryScorer; BaseModel"
300;90;-62849.0742;207598.383;270;0.999360978603363;0.33513951301574707;False;"EntryScorer; BaseModel"
301;90;-62849.0742;227071.6986;270;0.9999994039535522;0.3766985833644867;False;"EntryScorer; BaseModel"
302;90;-62849.0742;244854.4438;270;0.8230629563331604;0.9468566179275513;True;"EntryScorer; BaseModel; AMBIGUOUS(review)"
303;0;-80925.6068;250388.4331;180;0.9604344367980957;0.27149707078933716;False;"EntryScorer; BaseModel"
304;0;-23607.1367;250388.4331;0;0.9627495408058167;0.2927939295768738;False;"EntryScorer; BaseModel"
305;0;-80925.6068;248464.4362;180;0.9604344367980957;0.27149707078933716;False;"EntryScorer; BaseModel"
306;0;-23607.1367;248464.4362;0;0.9627495408058167;0.2927939295768738;False;"EntryScorer; BaseModel"
307;0;-80925.6068;246540.4392;180;0.9604344367980957;0.27149707078933716;False;"EntryScorer; BaseModel"
308;0;-23607.1367;246540.4392;0;0.9627495408058167;0.2927939295768738;False;"EntryScorer; BaseModel"
309;0;-80925.6068;238642.4453;180;0.9604344367980957;0.2863558828830719;False;"EntryScorer; BaseModel"
310;0;-23607.1367;238642.4453;0;0.9627495408058167;0.49212226271629333;False;"EntryScorer; BaseModel"
311;0;-80925.6068;236718.4484;180;0.9604344367980957;0.27149707078933716;False;"EntryScorer; BaseModel"
312;0;-23607.1367;236718.4484;0;0.9627495408058167;0.2927939295768738;False;"EntryScorer; BaseModel"
313;0;-80925.6068;234794.4514;180;0.9604344367980957;0.27149707078933716;False;"EntryScorer; BaseModel"
314;0;-23607.1367;234794.4514;0;0.9627495408058167;0.2927939295768738;False;"EntryScorer; BaseModel"
315;0;-80925.6068;232870.4545;180;0.9604344367980957;0.27149707078933716;False;"EntryScorer; BaseModel"
316;0;-23607.1367;232870.4545;0;0.9627495408058167;0.2927939295768738;False;"EntryScorer; BaseModel"
317;0;-80925.6068;230946.4575;180;0.9604344367980957;0.27149707078933716;False;"EntryScorer; BaseModel"
318;0;-23607.1367;230946.4575;0;0.9627495408058167;0.2927939295768738;False;"EntryScorer; BaseModel"
319;0;-80925.6068;229022.4606;180;0.9604344367980957;0.27149707078933716;False;"EntryScorer; BaseModel"
320;0;-23607.1367;229022.4606;0;0.9627495408058167;0.2927939295768738;False;"EntryScorer; BaseModel"
321;0;-80925.6068;220859.7001;180;0.9604344367980957;0.2863558828830719;False;"EntryScorer; BaseModel"
322;0;-23607.1367;220859.7001;0;0.9627495408058167;0.49212226271629333;False;"EntryScorer; BaseModel"
323;0;-80925.6068;218935.7031;180;0.9598263502120972;0.08584149926900864;False;"EntryScorer; BaseModel"
324;0;-23607.1367;218935.7031;0;0.9627495408058167;0.2927939295768738;False;"EntryScorer; BaseModel"
325;0;-80925.6068;217011.7062;180;0.9604344367980957;0.27210313081741333;False;"EntryScorer; BaseModel"
326;0;-23607.1367;217011.7062;0;0.9627495408058167;0.2927939295768738;False;"EntryScorer; BaseModel"
327;0;-80925.6068;213759.0679;180;0.9604344367980957;0.27149707078933716;False;"EntryScorer; BaseModel"
328;0;-80925.6068;211835.0709;180;0.9604344367980957;0.27149707078933716;False;"EntryScorer; BaseModel"
329;0;-80925.6068;209911.074;180;0.9569793343544006;0.2710239291191101;False;"EntryScorer; BaseModel"
330;0;-80925.6068;207987.077;180;0.9487854838371277;0.3160962462425232;False;"EntryScorer; BaseModel"
331;0;-80925.6068;201386.3845;180;0.9560932517051697;0.28349560499191284;False;"EntryScorer; BaseModel"
332;0;-80925.6068;199462.3875;180;0.9575122594833374;0.2710930109024048;False;"EntryScorer; BaseModel"
333;0;-80925.6068;197538.3906;180;0.9559776186943054;0.27089723944664;False;"EntryScorer; BaseModel"
334;0;-80925.6068;195614.3936;180;0.9604344367980957;0.27149707078933716;False;"EntryScorer; BaseModel"
335;0;-80925.6068;193690.3967;180;0.9592312574386597;0.2713252604007721;False;"EntryScorer; BaseModel"
336;0;-80925.6068;191766.3997;180;0.957755982875824;0.2835528552532196;False;"EntryScorer; BaseModel"
337;0;-80925.6068;184776.0545;180;0.9592416882514954;0.2854990065097809;False;"EntryScorer; BaseModel"
338;0;-80925.6068;182852.0575;180;0.9577667713165283;0.2711265981197357;False;"EntryScorer; BaseModel"
339;0;-80925.6068;180928.0606;180;0.9601997137069702;0.2714628577232361;False;"EntryScorer; BaseModel"
340;0;-80925.6068;179004.0636;180;0.9599733352661133;0.27143025398254395;False;"EntryScorer; BaseModel"
341;0;-80925.6068;177080.0667;180;0.9594758152961731;0.2713596224784851;False;"EntryScorer; BaseModel"
342;0;-80925.6068;175156.0697;180;0.9601997137069702;0.31799861788749695;False;"EntryScorer; BaseModel"
343;0;-80925.6068;167906.0697;180;0.9604344367980957;0.27189067006111145;False;"EntryScorer; BaseModel"
344;0;-80925.6068;165982.0728;180;0.9604344367980957;0.27149707078933716;False;"EntryScorer; BaseModel"
345;0;-80925.6068;164058.0758;180;0.9542194604873657;0.2706850469112396;False;"EntryScorer; BaseModel"
346;0;-80925.6068;162134.0789;180;0.9531919956207275;0.2720823585987091;False;"EntryScorer; BaseModel"
347;90;-32065.1229;174669.9593;270;0.9999390840530396;0.33518892526626587;False;"EntryScorer; BaseModel"
348;90;-32065.1229;190988.053;270;0.9999610185623169;0.3351685702800751;False;"EntryScorer; BaseModel"
349;90;-32065.1229;207598.383;270;0.9999390840530396;0.8399769067764282;True;"EntryScorer; BaseModel; AMBIGUOUS(review)"
350;90;-32065.1229;227071.6986;270;1.0;0.3767276406288147;False;"EntryScorer; BaseModel"
351;90;-32065.1229;244854.4438;270;0.9169055223464966;0.9468172788619995;True;"EntryScorer; BaseModel; AMBIGUOUS(review)"
352;90;-16673.1473;174669.9593;270;0.9999289512634277;0.3351665139198303;False;"EntryScorer; BaseModel"
353;90;-16673.1473;185538.053;90;0.9994787573814392;0.3351523280143738;False;"EntryScorer; BaseModel"
354;90;-16673.1473;190988.053;270;1.0;0.37665295600891113;False;"EntryScorer; BaseModel"
355;90;-16673.1473;202148.383;90;0.9999979734420776;0.37665408849716187;False;"EntryScorer; BaseModel"
356;90;-16673.1473;207598.383;270;0.9999417066574097;0.3361043334007263;False;"EntryScorer; BaseModel"
357;0;-13987.1519;175139.7214;0;0.9686169028282166;0.7939890027046204;True;"EntryScorer; BaseModel; AMBIGUOUS(review)"
358;0;-13987.1519;177063.7184;0;0.9680105447769165;0.3752870261669159;False;"EntryScorer; BaseModel"
359;0;-13987.1519;180911.7123;0;0.9686169028282166;0.37584465742111206;False;"EntryScorer; BaseModel"
360;0;-13987.1519;182835.7092;0;0.967151403427124;0.37454915046691895;False;"EntryScorer; BaseModel"
361;0;-13987.1519;184759.7062;0;0.967892050743103;0.5674096345901489;True;"EntryScorer; BaseModel; AMBIGUOUS(review)"
362;90;-78241.0498;161399.7444;270;0.9999669790267944;0.5846936702728271;True;"EntryScorer; BaseModel; AMBIGUOUS(review)"
363;90;-78241.0498;174669.8442;270;0.9999995231628418;0.3766176998615265;False;"EntryScorer; BaseModel"
364;90;-78241.0498;190988.053;270;0.9993778467178345;0.3351675868034363;False;"EntryScorer; BaseModel"
365;90;-78241.0498;207598.383;270;0.9993778467178345;0.3351675868034363;False;"EntryScorer; BaseModel"
366;90;-78241.0498;227071.6986;270;0.9999994039535522;0.37673771381378174;False;"EntryScorer; BaseModel"
367;90;-78241.0498;244854.4438;270;0.8300957083702087;0.9468936920166016;True;"EntryScorer; BaseModel; AMBIGUOUS(review)"
368;90;-72469.0589;161399.8595;270;0.9999963045120239;0.5842728018760681;True;"EntryScorer; BaseModel; AMBIGUOUS(review)"
369;90;-72469.0589;169219.9593;90;0.9999097585678101;0.3766831159591675;False;"EntryScorer; BaseModel"
370;90;-72469.0589;174669.9593;270;0.9999995231628418;0.3766542971134186;False;"EntryScorer; BaseModel"
371;90;-72469.0589;185538.053;90;0.999958872795105;0.376652330160141;False;"EntryScorer; BaseModel"
372;90;-72469.0589;190988.053;270;0.9999996423721313;0.37665456533432007;False;"EntryScorer; BaseModel"
373;90;-72469.0589;202148.383;90;0.9999648332595825;0.3766518831253052;False;"EntryScorer; BaseModel"
374;90;-72469.0589;207598.383;270;0.9993669390678406;0.3351399004459381;False;"EntryScorer; BaseModel"
375;90;-72469.0589;221621.6986;90;0.9981557726860046;0.3350802958011627;False;"EntryScorer; BaseModel"
376;90;-72469.0589;227071.6986;270;0.9999998807907104;0.37665295600891113;False;"EntryScorer; BaseModel"
377;90;-72469.0589;239404.4438;90;0.9999717473983765;0.3766518831253052;False;"EntryScorer; BaseModel"
378;90;-72469.0589;244854.4438;270;0.9745014905929565;0.9557309150695801;True;"EntryScorer; BaseModel; AMBIGUOUS(review)"
379;90;-72469.0589;251150.4316;90;0.7706745266914368;0.9911378026008606;True;"EntryScorer; BaseModel; AMBIGUOUS(review)"
380;90;-70545.062;161399.8595;270;0.9999963045120239;0.5842727422714233;True;"EntryScorer; BaseModel; AMBIGUOUS(review)"
381;90;-70545.062;169219.9593;90;0.9999097585678101;0.3766831159591675;False;"EntryScorer; BaseModel"
382;90;-70545.062;174669.9593;270;0.9999995231628418;0.3766542971134186;False;"EntryScorer; BaseModel"
383;90;-70545.062;185538.053;90;0.9999587535858154;0.37665221095085144;False;"EntryScorer; BaseModel"
384;90;-70545.062;190988.053;270;0.9999996423721313;0.37665456533432007;False;"EntryScorer; BaseModel"
385;90;-70545.062;202148.383;90;0.9999648332595825;0.3766518831253052;False;"EntryScorer; BaseModel"
386;90;-70545.062;207598.383;270;0.9993663430213928;0.3351399004459381;False;"EntryScorer; BaseModel"
387;90;-70545.062;227071.6986;270;0.9999998807907104;0.37665295600891113;False;"EntryScorer; BaseModel"
388;90;-70545.062;239404.4438;90;0.9999717473983765;0.3766518831253052;False;"EntryScorer; BaseModel"
389;90;-70545.062;244854.4438;270;0.974391758441925;0.9557312726974487;True;"EntryScorer; BaseModel; AMBIGUOUS(review)"
390;90;-70545.062;251150.4316;90;0.7700412273406982;0.991142749786377;True;"EntryScorer; BaseModel; AMBIGUOUS(review)"
391;90;-68621.065;161399.8595;270;0.9999963045120239;0.5842728018760681;True;"EntryScorer; BaseModel; AMBIGUOUS(review)"
392;90;-68621.065;169219.9593;90;0.9999097585678101;0.3766832649707794;False;"EntryScorer; BaseModel"
393;90;-68621.065;174669.9593;270;0.9999995231628418;0.3766542971134186;False;"EntryScorer; BaseModel"
394;90;-68621.065;185538.053;90;0.999958872795105;0.376652330160141;False;"EntryScorer; BaseModel"
395;90;-68621.065;190988.053;270;0.9999996423721313;0.37665456533432007;False;"EntryScorer; BaseModel"
396;90;-68621.065;202148.383;90;0.9999648332595825;0.3766518831253052;False;"EntryScorer; BaseModel"
397;90;-68621.065;221621.6986;90;0.9981599450111389;0.3350805640220642;False;"EntryScorer; BaseModel"
398;90;-68621.065;227071.6986;270;0.9999998807907104;0.37665295600891113;False;"EntryScorer; BaseModel"
399;90;-68621.065;239404.4438;90;0.999971866607666;0.3766520023345947;False;"EntryScorer; BaseModel"
400;90;-68621.065;244854.4438;270;0.9746151566505432;0.9557306170463562;True;"EntryScorer; BaseModel; AMBIGUOUS(review)"
401;90;-68621.065;251150.4316;90;0.7713072299957275;0.9911330342292786;True;"EntryScorer; BaseModel; AMBIGUOUS(review)"
402;90;-66697.0681;161399.8595;270;0.9999964237213135;0.5842732191085815;True;"EntryScorer; BaseModel; AMBIGUOUS(review)"
403;90;-66697.0681;169219.9593;90;0.9999097585678101;0.37668344378471375;False;"EntryScorer; BaseModel"
404;90;-66697.0681;174669.9593;270;0.9999995231628418;0.3766544759273529;False;"EntryScorer; BaseModel"
405;90;-66697.0681;185538.053;90;0.9999589920043945;0.3766522705554962;False;"EntryScorer; BaseModel"
406;90;-66697.0681;190988.053;270;0.9999996423721313;0.37665456533432007;False;"EntryScorer; BaseModel"
407;90;-66697.0681;202148.383;90;0.9999649524688721;0.3766520023345947;False;"EntryScorer; BaseModel"
408;90;-66697.0681;207598.383;270;0.9993695616722107;0.3351401090621948;False;"EntryScorer; BaseModel"
409;90;-66697.0681;221621.6986;90;0.9981745481491089;0.3350813686847687;False;"EntryScorer; BaseModel"
410;90;-66697.0681;227071.6986;270;0.9999998807907104;0.37665295600891113;False;"EntryScorer; BaseModel"
411;90;-66697.0681;239404.4438;90;0.999971866607666;0.3766520023345947;False;"EntryScorer; BaseModel"
412;90;-66697.0681;244854.4438;270;0.9750308990478516;0.9557293057441711;True;"EntryScorer; BaseModel; AMBIGUOUS(review)"
413;90;-66697.0681;251150.4316;90;0.7735503911972046;0.9911158084869385;True;"EntryScorer; BaseModel; AMBIGUOUS(review)"
414;90;-64773.0711;161399.8595;270;0.9999963045120239;0.5842728018760681;True;"EntryScorer; BaseModel; AMBIGUOUS(review)"
415;90;-64773.0711;169219.9593;90;0.9999097585678101;0.3766831159591675;False;"EntryScorer; BaseModel"
416;90;-64773.0711;174669.9593;270;0.9999995231628418;0.3766542971134186;False;"EntryScorer; BaseModel"
417;90;-64773.0711;185538.053;90;0.999958872795105;0.376652330160141;False;"EntryScorer; BaseModel"
418;90;-64773.0711;190988.053;270;0.9999996423721313;0.37665456533432007;False;"EntryScorer; BaseModel"
419;90;-64773.0711;202148.383;90;0.9999648332595825;0.3766518831253052;False;"EntryScorer; BaseModel"
420;90;-64773.0711;207598.383;270;0.9993671774864197;0.3351401090621948;False;"EntryScorer; BaseModel"
421;90;-64773.0711;221621.6986;90;0.9981575608253479;0.3350802958011627;False;"EntryScorer; BaseModel"
422;90;-64773.0711;227071.6986;270;0.9999998807907104;0.37665295600891113;False;"EntryScorer; BaseModel"
423;90;-64773.0711;239404.4438;90;0.9999717473983765;0.3766518831253052;False;"EntryScorer; BaseModel"
424;90;-64773.0711;244854.4438;270;0.9745476841926575;0.9557307958602905;True;"EntryScorer; BaseModel; AMBIGUOUS(review)"
425;90;-64773.0711;251150.4316;90;0.7709412574768066;0.991135835647583;True;"EntryScorer; BaseModel; AMBIGUOUS(review)"
426;90;-60925.0772;169219.9593;90;0.9989186525344849;0.3453197181224823;False;"EntryScorer; BaseModel"
427;90;-60925.0772;185538.053;90;0.9992026686668396;0.3419140875339508;False;"EntryScorer; BaseModel"
428;90;-60925.0772;202148.383;90;0.9992026686668396;0.3419140875339508;False;"EntryScorer; BaseModel"
429;90;-60925.0772;221621.6986;90;0.9989186525344849;0.33633238077163696;False;"EntryScorer; BaseModel"
430;90;-60925.0772;239404.4438;90;0.9984436631202698;0.33610013127326965;False;"EntryScorer; BaseModel"
431;90;-60925.0772;251150.4316;90;0.439108669757843;0.9910297393798828;True;"EntryScorer; BaseModel; AMBIGUOUS(review)"
432;90;-59001.0803;161399.8595;270;0.9999966621398926;0.584274411201477;True;"EntryScorer; BaseModel; AMBIGUOUS(review)"
433;90;-59001.0803;169219.9593;90;0.9999096393585205;0.3766860067844391;False;"EntryScorer; BaseModel"
434;90;-59001.0803;174669.9593;270;0.9999995231628418;0.37665456533432007;False;"EntryScorer; BaseModel"
435;90;-59001.0803;185538.053;90;0.9999608993530273;0.37665238976478577;False;"EntryScorer; BaseModel"
436;90;-59001.0803;190988.053;270;0.9999996423721313;0.37665483355522156;False;"EntryScorer; BaseModel"
437;90;-59001.0803;202148.383;90;0.9999666213989258;0.3766525089740753;False;"EntryScorer; BaseModel"
438;90;-59001.0803;207598.383;270;1.0;0.37665295600891113;False;"EntryScorer; BaseModel"
439;90;-59001.0803;221621.6986;90;0.9999774694442749;0.3766518533229828;False;"EntryScorer; BaseModel"
440;90;-59001.0803;227071.6986;270;1.0;0.37665295600891113;False;"EntryScorer; BaseModel"
441;90;-59001.0803;239404.4438;90;0.9999731779098511;0.3766520619392395;False;"EntryScorer; BaseModel"
442;90;-59001.0803;244854.4438;270;0.9801467061042786;0.9557129740715027;True;"EntryScorer; BaseModel; AMBIGUOUS(review)"
443;90;-59001.0803;251150.4316;90;0.7991301417350769;0.9909167885780334;True;"EntryScorer; BaseModel; AMBIGUOUS(review)"
444;90;-57077.0833;161399.8595;270;0.9999966621398926;0.5842741131782532;True;"EntryScorer; BaseModel; AMBIGUOUS(review)"
445;90;-57077.0833;169219.9593;90;0.9999096393585205;0.37668582797050476;False;"EntryScorer; BaseModel"
446;90;-57077.0833;174669.9593;270;0.9999995231628418;0.37665456533432007;False;"EntryScorer; BaseModel"
447;90;-57077.0833;185538.053;90;0.9999606609344482;0.3766525685787201;False;"EntryScorer; BaseModel"
448;90;-57077.0833;190988.053;270;0.9999996423721313;0.3766547739505768;False;"EntryScorer; BaseModel"
449;90;-57077.0833;202148.383;90;0.9999663829803467;0.376652330160141;False;"EntryScorer; BaseModel"
450;90;-57077.0833;207598.383;270;1.0;0.37665295600891113;False;"EntryScorer; BaseModel"
451;90;-57077.0833;221621.6986;90;0.9999773502349854;0.3766518533229828;False;"EntryScorer; BaseModel"
452;90;-57077.0833;227071.6986;270;0.9999998807907104;0.37665295600891113;False;"EntryScorer; BaseModel"
453;90;-57077.0833;239404.4438;90;0.9999730587005615;0.3766520619392395;False;"EntryScorer; BaseModel"
454;90;-57077.0833;244854.4438;270;0.9796609878540039;0.9557144641876221;True;"EntryScorer; BaseModel; AMBIGUOUS(review)"
455;90;-57077.0833;251150.4316;90;0.7969573140144348;0.990933895111084;True;"EntryScorer; BaseModel; AMBIGUOUS(review)"
456;90;-55153.0864;161399.8595;270;0.9999966621398926;0.5842741131782532;True;"EntryScorer; BaseModel; AMBIGUOUS(review)"
457;90;-55153.0864;169219.9593;90;0.9999096393585205;0.37668582797050476;False;"EntryScorer; BaseModel"
458;90;-55153.0864;174669.9593;270;0.9999995231628418;0.37665456533432007;False;"EntryScorer; BaseModel"
459;90;-55153.0864;185538.053;90;0.9999606609344482;0.3766525685787201;False;"EntryScorer; BaseModel"
460;90;-55153.0864;190988.053;270;0.9999996423721313;0.3766547739505768;False;"EntryScorer; BaseModel"
461;90;-55153.0864;202148.383;90;0.9999663829803467;0.376652330160141;False;"EntryScorer; BaseModel"
462;90;-55153.0864;207598.383;270;1.0;0.37665295600891113;False;"EntryScorer; BaseModel"
463;90;-55153.0864;221621.6986;90;0.9999773502349854;0.3766518533229828;False;"EntryScorer; BaseModel"
464;90;-55153.0864;227071.6986;270;0.9999998807907104;0.37665295600891113;False;"EntryScorer; BaseModel"
465;90;-55153.0864;239404.4438;90;0.9999730587005615;0.3766520619392395;False;"EntryScorer; BaseModel"
466;90;-55153.0864;244854.4438;270;0.9796609878540039;0.9557144641876221;True;"EntryScorer; BaseModel; AMBIGUOUS(review)"
467;90;-55153.0864;251150.4316;90;0.7969574332237244;0.990933895111084;True;"EntryScorer; BaseModel; AMBIGUOUS(review)"
468;90;-53229.0894;161399.8595;270;0.9999966621398926;0.584274411201477;True;"EntryScorer; BaseModel; AMBIGUOUS(review)"
469;90;-53229.0894;169219.9593;90;0.9999096393585205;0.3766860067844391;False;"EntryScorer; BaseModel"
470;90;-53229.0894;174669.9593;270;0.9999995231628418;0.37665456533432007;False;"EntryScorer; BaseModel"
471;90;-53229.0894;185538.053;90;0.9999608993530273;0.37665238976478577;False;"EntryScorer; BaseModel"
472;90;-53229.0894;190988.053;270;0.9999996423721313;0.37665483355522156;False;"EntryScorer; BaseModel"
473;90;-53229.0894;202148.383;90;0.9999666213989258;0.3766525089740753;False;"EntryScorer; BaseModel"
474;90;-53229.0894;207598.383;270;1.0;0.37665295600891113;False;"EntryScorer; BaseModel"
475;90;-53229.0894;221621.6986;90;0.9999774694442749;0.3766518533229828;False;"EntryScorer; BaseModel"
476;90;-53229.0894;227071.6986;270;1.0;0.37665295600891113;False;"EntryScorer; BaseModel"
477;90;-53229.0894;239404.4438;90;0.9999731779098511;0.3766520619392395;False;"EntryScorer; BaseModel"
478;90;-53229.0894;244854.4438;270;0.9801310896873474;0.9557130932807922;True;"EntryScorer; BaseModel; AMBIGUOUS(review)"
479;90;-53229.0894;251150.4316;90;0.7990596294403076;0.9909173846244812;True;"EntryScorer; BaseModel; AMBIGUOUS(review)"
480;90;-51305.0925;161399.8595;270;0.9999966621398926;0.5842741131782532;True;"EntryScorer; BaseModel; AMBIGUOUS(review)"
481;90;-51305.0925;169219.9593;90;0.9999096393585205;0.37668582797050476;False;"EntryScorer; BaseModel"
482;90;-51305.0925;174669.9593;270;0.9999995231628418;0.37665456533432007;False;"EntryScorer; BaseModel"
483;90;-51305.0925;185538.053;90;0.9999606609344482;0.3766525685787201;False;"EntryScorer; BaseModel"
484;90;-51305.0925;190988.053;270;0.9999996423721313;0.3766547739505768;False;"EntryScorer; BaseModel"
485;90;-51305.0925;202148.383;90;0.9999663829803467;0.376652330160141;False;"EntryScorer; BaseModel"
486;90;-51305.0925;207598.383;270;1.0;0.37665295600891113;False;"EntryScorer; BaseModel"
487;90;-51305.0925;221621.6986;90;0.9999773502349854;0.3766518533229828;False;"EntryScorer; BaseModel"
488;90;-51305.0925;227071.6986;270;0.9999998807907104;0.37665295600891113;False;"EntryScorer; BaseModel"
489;90;-51305.0925;239404.4438;90;0.9999730587005615;0.3766520619392395;False;"EntryScorer; BaseModel"
490;90;-51305.0925;244854.4438;270;0.9796611070632935;0.9557144641876221;True;"EntryScorer; BaseModel; AMBIGUOUS(review)"
491;90;-51305.0925;251150.4316;90;0.796957790851593;0.990933895111084;True;"EntryScorer; BaseModel; AMBIGUOUS(review)"
492;90;-49381.0955;161399.8595;270;0.9999966621398926;0.5842741131782532;True;"EntryScorer; BaseModel; AMBIGUOUS(review)"
493;90;-49381.0955;169219.9593;90;0.9999096393585205;0.37668582797050476;False;"EntryScorer; BaseModel"
494;90;-49381.0955;174669.9593;270;0.9999995231628418;0.37665456533432007;False;"EntryScorer; BaseModel"
495;90;-49381.0955;185538.053;90;0.9999606609344482;0.3766525685787201;False;"EntryScorer; BaseModel"
496;90;-49381.0955;190988.053;270;0.9999996423721313;0.3766547739505768;False;"EntryScorer; BaseModel"
497;90;-49381.0955;202148.383;90;0.9999663829803467;0.376652330160141;False;"EntryScorer; BaseModel"
498;90;-49381.0955;207598.383;270;1.0;0.37665295600891113;False;"EntryScorer; BaseModel"
499;90;-49381.0955;221621.6986;90;0.9999773502349854;0.3766518533229828;False;"EntryScorer; BaseModel"
500;90;-49381.0955;227071.6986;270;0.9999998807907104;0.37665295600891113;False;"EntryScorer; BaseModel"
501;90;-49381.0955;239404.4438;90;0.9999730587005615;0.3766520619392395;False;"EntryScorer; BaseModel"
502;90;-49381.0955;244854.4438;270;0.9796611070632935;0.9557144641876221;True;"EntryScorer; BaseModel; AMBIGUOUS(review)"
503;90;-49381.0955;251150.4316;90;0.7969580292701721;0.990933895111084;True;"EntryScorer; BaseModel; AMBIGUOUS(review)"
504;90;-45533.1016;169219.9593;90;0.9999291896820068;0.4054386615753174;False;"EntryScorer; BaseModel"
505;90;-45533.1016;185538.053;90;0.9999257326126099;0.7779771089553833;True;"EntryScorer; BaseModel; AMBIGUOUS(review)"
506;90;-45533.1016;202148.383;90;0.9999257326126099;0.7779771089553833;True;"EntryScorer; BaseModel; AMBIGUOUS(review)"
507;90;-45533.1016;221621.6986;90;0.9999291896820068;0.9185739159584045;True;"EntryScorer; BaseModel; AMBIGUOUS(review)"
508;90;-45533.1016;239404.4438;90;0.9998829364776611;0.6822127103805542;True;"EntryScorer; BaseModel; AMBIGUOUS(review)"
509;90;-45533.1016;251150.4316;90;0.3536689281463623;0.9911053776741028;True;"EntryScorer; BaseModel; AMBIGUOUS(review)"
510;90;-43609.1047;161399.8595;270;0.9999998807907104;0.5842666029930115;True;"EntryScorer; BaseModel; AMBIGUOUS(review)"
511;90;-43609.1047;169219.9593;90;0.999992847442627;0.3766848146915436;False;"EntryScorer; BaseModel"
512;90;-43609.1047;174669.9593;270;1.0;0.37665343284606934;False;"EntryScorer; BaseModel"
513;90;-43609.1047;185538.053;90;0.9999974966049194;0.37665513157844543;False;"EntryScorer; BaseModel"
514;90;-43609.1047;190988.053;270;1.0;0.3766535222530365;False;"EntryScorer; BaseModel"
515;90;-43609.1047;202148.383;90;0.9999978542327881;0.37665456533432007;False;"EntryScorer; BaseModel"
516;90;-43609.1047;207598.383;270;1.0;0.37665295600891113;False;"EntryScorer; BaseModel"
517;90;-43609.1047;221621.6986;90;0.9999990463256836;0.37665319442749023;False;"EntryScorer; BaseModel"
518;90;-43609.1047;227071.6986;270;1.0;0.37665295600891113;False;"EntryScorer; BaseModel"
519;90;-43609.1047;239404.4438;90;0.9999983310699463;0.3766535222530365;False;"EntryScorer; BaseModel"
520;90;-43609.1047;244854.4438;270;0.9986485838890076;0.9556533098220825;True;"EntryScorer; BaseModel; AMBIGUOUS(review)"
521;90;-43609.1047;251150.4316;90;0.47870945930480957;0.9923250675201416;True;"EntryScorer; BaseModel; AMBIGUOUS(review)"
522;90;-41685.1077;161399.8595;270;0.9999998807907104;0.5842690467834473;True;"EntryScorer; BaseModel; AMBIGUOUS(review)"
523;90;-41685.1077;169219.9593;90;0.9999921321868896;0.3766959607601166;False;"EntryScorer; BaseModel"
524;90;-41685.1077;174669.9593;270;1.0;0.37665456533432007;False;"EntryScorer; BaseModel"
525;90;-41685.1077;185538.053;90;0.9999972581863403;0.3766557276248932;False;"EntryScorer; BaseModel"
526;90;-41685.1077;190988.053;270;1.0;0.37665483355522156;False;"EntryScorer; BaseModel"
527;90;-41685.1077;202148.383;90;0.9999977350234985;0.37665504217147827;False;"EntryScorer; BaseModel"
528;90;-41685.1077;207598.383;270;1.0;0.37665319442749023;False;"EntryScorer; BaseModel"
529;90;-41685.1077;221621.6986;90;0.9999990463256836;0.3766532242298126;False;"EntryScorer; BaseModel"
530;90;-41685.1077;227071.6986;270;1.0;0.37665295600891113;False;"EntryScorer; BaseModel"
531;90;-41685.1077;239404.4438;90;0.9999980926513672;0.37665387988090515;False;"EntryScorer; BaseModel"
532;90;-41685.1077;244854.4438;270;0.9992050528526306;0.9556516408920288;True;"EntryScorer; BaseModel; AMBIGUOUS(review)"
533;90;-41685.1077;251150.4316;90;0.6810371279716492;0.9915336966514587;True;"EntryScorer; BaseModel; AMBIGUOUS(review)"
534;90;-39761.1107;161399.8595;270;0.9999998807907104;0.5842690467834473;True;"EntryScorer; BaseModel; AMBIGUOUS(review)"
535;90;-39761.1107;169219.9593;90;0.9999921321868896;0.3766959607601166;False;"EntryScorer; BaseModel"
536;90;-39761.1107;174669.9593;270;1.0;0.37665456533432007;False;"EntryScorer; BaseModel"
537;90;-39761.1107;185538.053;90;0.9999972581863403;0.3766557276248932;False;"EntryScorer; BaseModel"
538;90;-39761.1107;190988.053;270;1.0;0.37665483355522156;False;"EntryScorer; BaseModel"
539;90;-39761.1107;202148.383;90;0.9999977350234985;0.37665504217147827;False;"EntryScorer; BaseModel"
540;90;-39761.1107;207598.383;270;1.0;0.37665319442749023;False;"EntryScorer; BaseModel"
541;90;-39761.1107;221621.6986;90;0.9999990463256836;0.3766532242298126;False;"EntryScorer; BaseModel"
542;90;-39761.1107;227071.6986;270;1.0;0.37665295600891113;False;"EntryScorer; BaseModel"
543;90;-39761.1107;239404.4438;90;0.9999980926513672;0.37665387988090515;False;"EntryScorer; BaseModel"
544;90;-39761.1107;244854.4438;270;0.9992050528526306;0.9556516408920288;True;"EntryScorer; BaseModel; AMBIGUOUS(review)"
545;90;-39761.1107;251150.4316;90;0.6810375452041626;0.9915336966514587;True;"EntryScorer; BaseModel; AMBIGUOUS(review)"
546;90;-37837.1138;161399.8595;270;0.9999998807907104;0.5842692852020264;True;"EntryScorer; BaseModel; AMBIGUOUS(review)"
547;90;-37837.1138;169219.9593;90;0.9999921321868896;0.3766963481903076;False;"EntryScorer; BaseModel"
548;90;-37837.1138;174669.9593;270;1.0;0.37665456533432007;False;"EntryScorer; BaseModel"
549;90;-37837.1138;185538.053;90;0.9999972581863403;0.3766557276248932;False;"EntryScorer; BaseModel"
550;90;-37837.1138;190988.053;270;1.0;0.37665483355522156;False;"EntryScorer; BaseModel"
551;90;-37837.1138;202148.383;90;0.999997615814209;0.37665504217147827;False;"EntryScorer; BaseModel"
552;90;-37837.1138;207598.383;270;1.0;0.37665319442749023;False;"EntryScorer; BaseModel"
553;90;-37837.1138;221621.6986;90;0.9999990463256836;0.3766532242298126;False;"EntryScorer; BaseModel"
554;90;-37837.1138;227071.6986;270;1.0;0.37665295600891113;False;"EntryScorer; BaseModel"
555;90;-37837.1138;239404.4438;90;0.9999980926513672;0.37665387988090515;False;"EntryScorer; BaseModel"
556;90;-37837.1138;244854.4438;270;0.999215841293335;0.9556515216827393;True;"EntryScorer; BaseModel; AMBIGUOUS(review)"
557;90;-37837.1138;251150.4316;90;0.6857889294624329;0.9915142059326172;True;"EntryScorer; BaseModel; AMBIGUOUS(review)"
558;90;-35913.1168;161399.8595;270;0.9999998807907104;0.5842690467834473;True;"EntryScorer; BaseModel; AMBIGUOUS(review)"
559;90;-35913.1168;169219.9593;90;0.9999921321868896;0.3766959607601166;False;"EntryScorer; BaseModel"
560;90;-35913.1168;174669.9593;270;1.0;0.37665456533432007;False;"EntryScorer; BaseModel"
561;90;-35913.1168;185538.053;90;0.9999972581863403;0.3766557276248932;False;"EntryScorer; BaseModel"
562;90;-35913.1168;190988.053;270;1.0;0.37665483355522156;False;"EntryScorer; BaseModel"
563;90;-35913.1168;202148.383;90;0.9999977350234985;0.37665504217147827;False;"EntryScorer; BaseModel"
564;90;-35913.1168;207598.383;270;1.0;0.37665319442749023;False;"EntryScorer; BaseModel"
565;90;-35913.1168;221621.6986;90;0.9999990463256836;0.3766532242298126;False;"EntryScorer; BaseModel"
566;90;-35913.1168;227071.6986;270;1.0;0.37665295600891113;False;"EntryScorer; BaseModel"
567;90;-35913.1168;239404.4438;90;0.9999980926513672;0.37665387988090515;False;"EntryScorer; BaseModel"
568;90;-35913.1168;244854.4438;270;0.9992050528526306;0.9556516408920288;True;"EntryScorer; BaseModel; AMBIGUOUS(review)"
569;90;-35913.1168;251150.4316;90;0.6810382008552551;0.9915336966514587;True;"EntryScorer; BaseModel; AMBIGUOUS(review)"
570;90;-33989.1199;161399.8595;270;0.9999998807907104;0.5842690467834473;True;"EntryScorer; BaseModel; AMBIGUOUS(review)"
571;90;-33989.1199;169219.9593;90;0.9999921321868896;0.3766961693763733;False;"EntryScorer; BaseModel"
572;90;-33989.1199;174669.9593;270;1.0;0.37665456533432007;False;"EntryScorer; BaseModel"
573;90;-33989.1199;185538.053;90;0.9999972581863403;0.3766557276248932;False;"EntryScorer; BaseModel"
574;90;-33989.1199;190988.053;270;1.0;0.37665483355522156;False;"EntryScorer; BaseModel"
575;90;-33989.1199;202148.383;90;0.9999977350234985;0.37665504217147827;False;"EntryScorer; BaseModel"
576;90;-33989.1199;207598.383;270;1.0;0.37665319442749023;False;"EntryScorer; BaseModel"
577;90;-33989.1199;221621.6986;90;0.9999990463256836;0.3766532242298126;False;"EntryScorer; BaseModel"
578;90;-33989.1199;227071.6986;270;1.0;0.37665295600891113;False;"EntryScorer; BaseModel"
579;90;-33989.1199;239404.4438;90;0.9999980926513672;0.37665387988090515;False;"EntryScorer; BaseModel"
580;90;-33989.1199;244854.4438;270;0.999210000038147;0.9556516408920288;True;"EntryScorer; BaseModel; AMBIGUOUS(review)"
581;90;-33989.1199;251150.4316;90;0.6832484006881714;0.9915246367454529;True;"EntryScorer; BaseModel; AMBIGUOUS(review)"
582;90;-26293.1321;161399.8595;270;0.9999997615814209;0.584264874458313;True;"EntryScorer; BaseModel; AMBIGUOUS(review)"
583;90;-26293.1321;169219.9593;90;0.9999947547912598;0.37666431069374084;False;"EntryScorer; BaseModel"
584;90;-26293.1321;174669.9593;270;1.0;0.37665295600891113;False;"EntryScorer; BaseModel"
585;90;-26293.1321;185538.053;90;0.9999979734420776;0.37665361166000366;False;"EntryScorer; BaseModel"
586;90;-26293.1321;190988.053;270;1.0;0.37665295600891113;False;"EntryScorer; BaseModel"
587;90;-26293.1321;202148.383;90;0.9999983310699463;0.3766534924507141;False;"EntryScorer; BaseModel"
588;90;-26293.1321;207598.383;270;0.9999393224716187;0.3351668417453766;False;"EntryScorer; BaseModel"
589;90;-26293.1321;221621.6986;90;0.9992263317108154;0.33514291048049927;False;"EntryScorer; BaseModel"
590;90;-26293.1321;227071.6986;270;1.0;0.37665295600891113;False;"EntryScorer; BaseModel"
591;90;-26293.1321;239404.4438;90;0.9999986886978149;0.3766557276248932;False;"EntryScorer; BaseModel"
592;90;-26293.1321;244854.4438;270;0.9921956062316895;0.9556741714477539;True;"EntryScorer; BaseModel; AMBIGUOUS(review)"
593;90;-26293.1321;251150.4316;90;0.18786299228668213;0.9729243516921997;True;"EntryScorer; BaseModel; AMBIGUOUS(review)"
594;90;-24369.1351;161399.8595;270;0.9999998807907104;0.5842656493186951;True;"EntryScorer; BaseModel; AMBIGUOUS(review)"
595;90;-24369.1351;169219.9593;90;0.9999934434890747;0.37667736411094666;False;"EntryScorer; BaseModel"
596;90;-24369.1351;174669.9593;270;1.0;0.37665319442749023;False;"EntryScorer; BaseModel"
597;90;-24369.1351;185538.053;90;0.9999977350234985;0.3766544759273529;False;"EntryScorer; BaseModel"
598;90;-24369.1351;190988.053;270;1.0;0.37665319442749023;False;"EntryScorer; BaseModel"
599;90;-24369.1351;202148.383;90;0.9999980926513672;0.3766540288925171;False;"EntryScorer; BaseModel"
600;90;-24369.1351;207598.383;270;0.9999502897262573;0.3640335202217102;False;"EntryScorer; BaseModel"
601;90;-22445.1382;161399.8595;270;1.0;0.5842717289924622;True;"EntryScorer; BaseModel; AMBIGUOUS(review)"
602;90;-22445.1382;169219.9593;90;0.9999916553497314;0.3767029345035553;False;"EntryScorer; BaseModel"
603;90;-22445.1382;174669.9593;270;1.0;0.3766557276248932;False;"EntryScorer; BaseModel"
604;90;-22445.1382;185538.053;90;0.9999971389770508;0.3766564428806305;False;"EntryScorer; BaseModel"
605;90;-22445.1382;190988.053;270;1.0;0.3766559958457947;False;"EntryScorer; BaseModel"
606;90;-22445.1382;202148.383;90;0.999997615814209;0.37665531039237976;False;"EntryScorer; BaseModel"
607;90;-20521.1412;161399.8595;270;0.9999998807907104;0.5842656493186951;True;"EntryScorer; BaseModel; AMBIGUOUS(review)"
608;90;-20521.1412;169219.9593;90;0.9999933242797852;0.376677542924881;False;"EntryScorer; BaseModel"
609;90;-20521.1412;174669.9593;270;1.0;0.37665319442749023;False;"EntryScorer; BaseModel"
610;90;-20521.1412;185538.053;90;0.9999977350234985;0.3766544759273529;False;"EntryScorer; BaseModel"
611;90;-20521.1412;190988.053;270;1.0;0.3766532838344574;False;"EntryScorer; BaseModel"
612;90;-20521.1412;202148.383;90;0.9999980926513672;0.3766540288925171;False;"EntryScorer; BaseModel"
613;90;-20521.1412;207598.383;270;0.9999505281448364;0.5921770930290222;True;"EntryScorer; BaseModel; AMBIGUOUS(review)"
614;90;-18597.1443;161399.8595;270;0.9999997615814209;0.584264874458313;True;"EntryScorer; BaseModel; AMBIGUOUS(review)"
615;90;-18597.1443;169219.9593;90;0.9999947547912598;0.37666451930999756;False;"EntryScorer; BaseModel"
616;90;-18597.1443;174669.9593;270;1.0;0.37665295600891113;False;"EntryScorer; BaseModel"
617;90;-18597.1443;185538.053;90;0.9999979734420776;0.3766537606716156;False;"EntryScorer; BaseModel"
618;90;-18597.1443;190988.053;270;1.0;0.37665295600891113;False;"EntryScorer; BaseModel"
619;90;-18597.1443;202148.383;90;0.9999983310699463;0.3766535520553589;False;"EntryScorer; BaseModel"
620;90;-18597.1443;207598.383;270;0.9999395608901978;0.3434666097164154;False;"EntryScorer; BaseModel"
621;90;-30141.126;169219.9593;90;0.9999275207519531;0.42023295164108276;False;"EntryScorer; BaseModel"
622;90;-30141.126;185538.053;90;0.999924898147583;0.8424521684646606;True;"EntryScorer; BaseModel; AMBIGUOUS(review)"
623;90;-30141.126;202148.383;90;0.999924898147583;0.8424521684646606;True;"EntryScorer; BaseModel; AMBIGUOUS(review)"
624;90;-30141.126;221621.6986;90;0.9999034404754639;0.33517375588417053;False;"EntryScorer; BaseModel"
625;90;-30141.126;239404.4438;90;0.9999034404754639;0.7823814749717712;True;"EntryScorer; BaseModel; AMBIGUOUS(review)"
626;90;-30141.126;251150.4316;90;0.49510088562965393;0.9909781217575073;True;"EntryScorer; BaseModel; AMBIGUOUS(review)"
627;90;-74393.0559;161399.8595;270;0.9999963045120239;0.5842728018760681;True;"EntryScorer; BaseModel; AMBIGUOUS(review)"
628;90;-74393.0559;169219.9593;90;0.9999097585678101;0.3766832649707794;False;"EntryScorer; BaseModel"
629;90;-74393.0559;174669.9593;270;0.9999995231628418;0.3766542971134186;False;"EntryScorer; BaseModel"
630;90;-74393.0559;185538.053;90;0.999958872795105;0.376652330160141;False;"EntryScorer; BaseModel"
631;90;-74393.0559;190988.053;270;0.9999996423721313;0.37665456533432007;False;"EntryScorer; BaseModel"
632;90;-74393.0559;202148.383;90;0.9999648332595825;0.3766518831253052;False;"EntryScorer; BaseModel"
633;90;-74393.0559;207598.383;270;0.9993672966957092;0.3351399600505829;False;"EntryScorer; BaseModel"
634;90;-74393.0559;221621.6986;90;0.998158872127533;0.335080623626709;False;"EntryScorer; BaseModel"
635;90;-74393.0559;227071.6986;270;0.9999998807907104;0.37665295600891113;False;"EntryScorer; BaseModel"
636;90;-74393.0559;239404.4438;90;0.999971866607666;0.3766520023345947;False;"EntryScorer; BaseModel"
637;90;-74393.0559;244854.4438;270;0.9745834469795227;0.9557306170463562;True;"EntryScorer; BaseModel; AMBIGUOUS(review)"
638;90;-74393.0559;251150.4316;90;0.7711370587348938;0.9911342859268188;True;"EntryScorer; BaseModel; AMBIGUOUS(review)"
639;90;-76317.0528;169219.9593;90;0.9986063838005066;0.3394853472709656;False;"EntryScorer; BaseModel"
640;90;-76317.0528;185538.053;90;0.9989724159240723;0.33845633268356323;False;"EntryScorer; BaseModel"
641;90;-76317.0528;202148.383;90;0.9989724159240723;0.33845633268356323;False;"EntryScorer; BaseModel"
642;90;-76317.0528;221621.6986;90;0.9967821836471558;0.33501407504081726;False;"EntryScorer; BaseModel"
643;90;-76317.0528;239404.4438;90;0.9967821836471558;0.3354201912879944;False;"EntryScorer; BaseModel"
644;90;-76317.0528;251150.4316;90;0.10496087372303009;0.9912672638893127;True;"EntryScorer; BaseModel; AMBIGUOUS(review)"
645;0;-13987.1519;162685.9699;0;0.9637238383293152;0.37210705876350403;False;"EntryScorer; BaseModel"
646;0;-81638.3513;74262.7784;180;0.5653137564659119;0.33926039934158325;False;"EntryScorer; BaseModel"
647;0;-81638.3513;76186.7753;180;0.565337598323822;0.3393746614456177;False;"EntryScorer; BaseModel"
648;0;-81638.3513;78110.7723;180;0.5661599636077881;0.5868879556655884;True;"EntryScorer; BaseModel; AMBIGUOUS(review)"
649;0;-81638.3513;72338.7814;180;0.5654175877571106;0.33976203203201294;False;"EntryScorer; BaseModel"
650;0;-81638.3513;70414.7845;180;0.5652053356170654;0.5286524295806885;False;"EntryScorer; BaseModel"
651;0;-81638.3513;59571.5722;180;0.5651867389678955;0.33866485953330994;False;"EntryScorer; BaseModel"
652;0;-81638.3513;61495.5691;180;0.5661599636077881;0.3435634672641754;False;"EntryScorer; BaseModel"
653;0;-81638.3513;63419.5661;180;0.5659357905387878;0.5138742327690125;False;"EntryScorer; BaseModel"
654;0;-81638.3513;57647.5752;180;0.5660258531570435;0.34298548102378845;False;"EntryScorer; BaseModel"
655;0;-81638.3513;55723.5783;180;0.5656118988990784;0.5156943202018738;False;"EntryScorer; BaseModel"
656;0;-81638.3513;44777.5905;180;0.5661599636077881;0.3435634672641754;False;"EntryScorer; BaseModel"
657;0;-81638.3513;46701.5874;180;0.56504887342453;0.3380395174026489;False;"EntryScorer; BaseModel"
658;0;-81638.3513;48625.5844;180;0.5650249719619751;0.4586213231086731;False;"EntryScorer; BaseModel"
659;0;-81638.3513;42853.5935;180;0.565958559513092;0.3426038324832916;False;"EntryScorer; BaseModel"
660;0;-81638.3513;40929.5966;180;0.566028892993927;0.34300321340560913;False;"EntryScorer; BaseModel"
661;0;-81638.3513;39005.5996;180;0.566028892993927;0.6695689558982849;True;"EntryScorer; BaseModel; AMBIGUOUS(review)"
662;90;-28217.129;161399.8595;270;0.9999998807907104;0.584269642829895;True;"EntryScorer; BaseModel; AMBIGUOUS(review)"
663;90;-28217.129;169219.9593;90;0.9999920129776001;0.376697301864624;False;"EntryScorer; BaseModel"
664;90;-28217.129;174669.9593;270;1.0;0.37665462493896484;False;"EntryScorer; BaseModel"
665;90;-28217.129;185538.053;90;0.9999972581863403;0.37665608525276184;False;"EntryScorer; BaseModel"
666;90;-28217.129;190988.053;270;1.0;0.37665480375289917;False;"EntryScorer; BaseModel"
667;90;-28217.129;202148.383;90;0.999997615814209;0.37665513157844543;False;"EntryScorer; BaseModel"
668;90;-28217.129;207598.383;270;0.9999617338180542;0.335168719291687;False;"EntryScorer; BaseModel"
669;90;-28217.129;221621.6986;90;0.9999020099639893;0.33518457412719727;False;"EntryScorer; BaseModel"
670;90;-28217.129;227071.6986;270;1.0;0.3767409026622772;False;"EntryScorer; BaseModel"
671;90;-28217.129;239404.4438;90;0.9999977350234985;0.3766554594039917;False;"EntryScorer; BaseModel"
672;90;-28217.129;244854.4438;270;0.9992467164993286;0.9556519985198975;True;"EntryScorer; BaseModel; AMBIGUOUS(review)"
673;90;-28217.129;251150.4316;90;0.6994481086730957;0.9914581179618835;True;"EntryScorer; BaseModel; AMBIGUOUS(review)"
674;90;-78952.3559;38519.6042;270;0.9999994039535522;0.39684221148490906;False;"EntryScorer; BaseModel"
675;90;-78952.3559;49387.5829;90;0.999929666519165;0.4220111668109894;False;"EntryScorer; BaseModel"
676;90;-78952.3559;54837.5829;270;0.9999947547912598;0.333363801240921;False;"EntryScorer; BaseModel"
677;90;-78952.3559;64181.5646;90;0.9998927116394043;0.39848384261131287;False;"EntryScorer; BaseModel"
678;90;-78952.3559;69528.7891;270;0.9999946355819702;0.31211140751838684;False;"EntryScorer; BaseModel"
679;90;-78952.3559;78872.7708;90;0.9998962879180908;0.3453773856163025;False;"EntryScorer; BaseModel"
680;90;-77028.3589;38519.6042;270;0.9993100166320801;0.3543335199356079;False;"EntryScorer; BaseModel"
681;90;-77028.3589;54837.5829;270;0.9993225336074829;0.29442182183265686;False;"EntryScorer; BaseModel"
682;90;-63560.3803;38519.6042;270;0.9999996423721313;0.3968406319618225;False;"EntryScorer; BaseModel"
683;90;-63560.3803;49387.5829;90;0.999946117401123;0.42201003432273865;False;"EntryScorer; BaseModel"
684;90;-63560.3803;54837.5829;270;0.9999970197677612;0.33335936069488525;False;"EntryScorer; BaseModel"
685;90;-63560.3803;64181.5646;90;0.9999182224273682;0.39848271012306213;False;"EntryScorer; BaseModel"
686;90;-63560.3803;69528.7891;270;0.9999970197677612;0.31210699677467346;False;"EntryScorer; BaseModel"
687;90;-63560.3803;78872.7708;90;0.9999221563339233;0.34537672996520996;False;"EntryScorer; BaseModel"
688;90;-61636.3833;38519.6042;270;0.9993305206298828;0.35433492064476013;False;"EntryScorer; BaseModel"
689;90;-61636.3833;54837.5829;270;0.9993426203727722;0.29442310333251953;False;"EntryScorer; BaseModel"
690;90;-48168.4047;38519.6042;270;1.0;0.39684033393859863;False;"EntryScorer; BaseModel"
691;90;-48168.4047;49387.5829;90;0.9999862909317017;0.4220188856124878;False;"EntryScorer; BaseModel"
692;90;-48168.4047;54837.5829;270;0.9999996423721313;0.33335840702056885;False;"EntryScorer; BaseModel"
693;90;-48168.4047;64181.5646;90;0.9999797344207764;0.3984958231449127;False;"EntryScorer; BaseModel"
694;90;-48168.4047;69528.7891;270;0.9999996423721313;0.3121062219142914;False;"EntryScorer; BaseModel"
695;90;-48168.4047;78872.7708;90;0.9999794960021973;0.34538912773132324;False;"EntryScorer; BaseModel"
696;90;-46244.4077;38519.6042;270;0.9997120499610901;0.3543534278869629;False;"EntryScorer; BaseModel"
697;90;-46244.4077;54837.5829;270;0.9996917247772217;0.29443785548210144;False;"EntryScorer; BaseModel"
698;90;-32776.429;38519.6042;270;1.0;0.39684033393859863;False;"EntryScorer; BaseModel"
699;90;-32776.429;49387.5829;90;0.9999861717224121;0.42201897501945496;False;"EntryScorer; BaseModel"
700;90;-32776.429;54837.5829;270;0.9999996423721313;0.333358496427536;False;"EntryScorer; BaseModel"
701;90;-32776.429;64181.5646;90;0.9999794960021973;0.39849597215652466;False;"EntryScorer; BaseModel"
702;90;-32776.429;69528.7891;270;0.9999996423721313;0.3121061623096466;False;"EntryScorer; BaseModel"
703;90;-32776.429;78872.7708;90;0.9999792575836182;0.34538939595222473;False;"EntryScorer; BaseModel"
704;90;-30852.4321;38519.6042;270;0.9997345805168152;0.35435494780540466;False;"EntryScorer; BaseModel"
705;90;-30852.4321;54837.5829;270;0.9997159838676453;0.29444003105163574;False;"EntryScorer; BaseModel"
706;90;-44320.4107;49387.5829;90;0.9999877214431763;0.4220152497291565;False;"EntryScorer; BaseModel"
707;90;-44320.4107;64181.5646;90;0.999980092048645;0.39849498867988586;False;"EntryScorer; BaseModel"
708;90;-44320.4107;69528.7891;270;0.9999996423721313;0.3121059238910675;False;"EntryScorer; BaseModel"
709;90;-44320.4107;78872.7708;90;0.9999799728393555;0.34538814425468445;False;"EntryScorer; BaseModel"
710;0;-87124.7483;73698.094;0;0.9999551773071289;0.5404698252677917;False;"EntryScorer; BaseModel"
711;0;-87124.7483;71774.0971;0;0.9999545812606812;0.540468156337738;False;"EntryScorer; BaseModel"
712;0;-87124.7483;69850.1001;0;0.9999556541442871;0.540472149848938;False;"EntryScorer; BaseModel"
713;0;-87124.7483;67926.1031;0;0.9999594688415527;0.5404883623123169;False;"EntryScorer; BaseModel"
714;0;-87124.7483;66002.1062;0;0.9999706745147705;0.6482757925987244;True;"EntryScorer; BaseModel; AMBIGUOUS(review)"
715;0;-87124.7483;64078.1092;0;0.9999697208404541;0.6482756733894348;True;"EntryScorer; BaseModel; AMBIGUOUS(review)"
716;0;-87124.7483;62154.1123;0;0.999969482421875;0.6482756733894348;True;"EntryScorer; BaseModel; AMBIGUOUS(review)"
717;0;-87124.7483;59190.4331;0;0.9999693632125854;0.6482756733894348;True;"EntryScorer; BaseModel; AMBIGUOUS(review)"
718;0;-87124.7483;57266.4362;0;0.9999642372131348;0.6482757329940796;True;"EntryScorer; BaseModel; AMBIGUOUS(review)"
719;0;-87124.7483;55342.4392;0;0.9999668598175049;0.6482756733894348;True;"EntryScorer; BaseModel; AMBIGUOUS(review)"
720;0;-87124.7483;53418.4423;0;0.9999679327011108;0.6482757329940796;True;"EntryScorer; BaseModel; AMBIGUOUS(review)"
721;0;-87124.7483;51494.4453;0;0.9999706745147705;0.6482757925987244;True;"EntryScorer; BaseModel; AMBIGUOUS(review)"
722;0;-87124.7483;49570.4484;0;0.9999589920043945;0.6482755541801453;True;"EntryScorer; BaseModel; AMBIGUOUS(review)"
723;0;-87124.7483;47646.4514;0;0.999958872795105;0.6482754349708557;True;"EntryScorer; BaseModel; AMBIGUOUS(review)"
724;0;-87124.7483;45722.4545;0;0.999967098236084;0.6482757329940796;True;"EntryScorer; BaseModel; AMBIGUOUS(review)"
725;0;-87124.7483;42758.7753;0;0.9999674558639526;0.600379467010498;True;"EntryScorer; BaseModel; AMBIGUOUS(review)"
726;0;-87124.7483;40834.7784;0;0.9999685287475586;0.6003799438476562;True;"EntryScorer; BaseModel; AMBIGUOUS(review)"
727;0;-87124.7483;38910.7814;0;0.9999685287475586;0.6003799438476562;True;"EntryScorer; BaseModel; AMBIGUOUS(review)"
728;0;-87124.7483;36986.7845;0;0.9999579191207886;0.5404815077781677;False;"EntryScorer; BaseModel"
729;90;-23938.265;155957.9091;90;0.9999186992645264;0.176397442817688;False;"EntryScorer; BaseModel"
730;90;-22014.268;155957.9091;90;0.9999243021011353;0.17721319198608398;False;"EntryScorer; BaseModel"
731;90;-20090.2711;155957.9091;90;0.9999184608459473;0.1762348860502243;False;"EntryScorer; BaseModel"
732;90;-18166.2741;155957.9091;90;0.9999321699142456;0.1761462241411209;False;"EntryScorer; BaseModel"
733;90;-16242.2772;155957.9091;90;0.9999450445175171;0.17612290382385254;False;"EntryScorer; BaseModel"
734;90;-14318.2802;155957.9091;90;0.9999264478683472;0.18750539422035217;False;"EntryScorer; BaseModel"
735;90;-25862.262;155957.9091;90;0.9999251365661621;0.17617328464984894;False;"EntryScorer; BaseModel"
736;90;-43949.0951;155957.9091;90;0.9999219179153442;0.17670558393001556;False;"EntryScorer; BaseModel"
737;90;-42025.0982;155957.9091;90;0.9999258518218994;0.177701935172081;False;"EntryScorer; BaseModel"
738;90;-40101.1012;155957.9091;90;0.9999258518218994;0.177701935172081;False;"EntryScorer; BaseModel"
739;90;-38177.1043;155957.9091;90;0.999925971031189;0.17774182558059692;False;"EntryScorer; BaseModel"
740;90;-36253.1073;155957.9091;90;0.9999258518218994;0.177701935172081;False;"EntryScorer; BaseModel"
741;90;-34329.1104;155957.9091;90;0.999925971031189;0.17772041261196136;False;"EntryScorer; BaseModel"
742;90;-32405.1134;155957.9091;90;0.9999257326126099;0.17765359580516815;False;"EntryScorer; BaseModel"
743;90;-24899.6146;128103.2012;270;0.999529242515564;0.6268167495727539;True;"EntryScorer; BaseModel; AMBIGUOUS(review)"
744;90;-22975.6177;128103.2012;270;0.9995742440223694;0.6270803213119507;True;"EntryScorer; BaseModel; AMBIGUOUS(review)"
745;90;-21051.6207;128103.2012;270;0.999554455280304;0.6269233226776123;True;"EntryScorer; BaseModel; AMBIGUOUS(review)"
746;90;-19127.6238;128103.2012;270;0.9995675683021545;0.6267743110656738;True;"EntryScorer; BaseModel; AMBIGUOUS(review)"
747;90;-17203.6268;128103.2012;270;0.9997809529304504;0.6267499327659607;True;"EntryScorer; BaseModel; AMBIGUOUS(review)"
748;90;-44621.8376;127871.6248;270;0.7306774854660034;0.9697513580322266;True;"EntryScorer; BaseModel; AMBIGUOUS(review)"
749;90;-42697.8406;127871.6248;270;0.7490615248680115;0.9477616548538208;True;"EntryScorer; BaseModel; AMBIGUOUS(review)"
750;90;-40773.8437;127871.6248;270;0.8613981604576111;0.899426281452179;True;"EntryScorer; BaseModel; AMBIGUOUS(review)"
751;90;-38849.8467;127871.6248;270;0.9447484016418457;0.8032827377319336;True;"EntryScorer; BaseModel; AMBIGUOUS(review)"
752;90;-36925.8498;127871.6248;270;0.9995792508125305;0.6392648816108704;True;"EntryScorer; BaseModel; AMBIGUOUS(review)"
753;90;-35001.8528;127871.6248;270;0.9995279312133789;0.5290383100509644;False;"EntryScorer; BaseModel"
754;90;-33077.8559;127871.6248;270;0.9995290040969849;0.5290631055831909;False;"EntryScorer; BaseModel"
755;0;-91582.4513;34548.386;0;0.26391565799713135;0.9978405237197876;True;"EntryScorer; BaseModel; AMBIGUOUS(review)"
756;0;-91582.4513;32624.386;0;0.22200608253479004;0.9984031319618225;True;"EntryScorer; BaseModel; AMBIGUOUS(review)"
757;0;-91582.4513;30600.386;0;0.11705626547336578;0.9988893866539001;True;"EntryScorer; BaseModel; AMBIGUOUS(review)"
758;0;-99367.5666;150204.824;0;0.5576223134994507;0.9129406213760376;True;"EntryScorer; BaseModel; AMBIGUOUS(review)"
759;0;-99367.5666;148280.8271;0;0.5600064992904663;0.9129126071929932;True;"EntryScorer; BaseModel; AMBIGUOUS(review)"
760;0;-99367.5666;146356.8301;0;0.5551259517669678;0.9129699468612671;True;"EntryScorer; BaseModel; AMBIGUOUS(review)"
761;0;-99367.5666;144432.8331;0;0.6270895004272461;0.9221953749656677;True;"EntryScorer; BaseModel; AMBIGUOUS(review)"
762;0;-99367.5666;142508.8362;0;0.6274080276489258;0.9221971035003662;True;"EntryScorer; BaseModel; AMBIGUOUS(review)"
763;0;-99367.5666;140584.8392;0;0.6237127184867859;0.9221774935722351;True;"EntryScorer; BaseModel; AMBIGUOUS(review)"
764;0;-99367.5666;138660.8423;0;0.6257450580596924;0.9221883416175842;True;"EntryScorer; BaseModel; AMBIGUOUS(review)"
765;0;-99367.5666;136736.8453;0;0.6249894499778748;0.9221842885017395;True;"EntryScorer; BaseModel; AMBIGUOUS(review)"
766;0;-99367.5666;134812.8484;0;0.6259174346923828;0.9221891760826111;True;"EntryScorer; BaseModel; AMBIGUOUS(review)"
767;0;-99367.5666;132888.8514;0;0.6252877712249756;0.9221858382225037;True;"EntryScorer; BaseModel; AMBIGUOUS(review)"
768;0;-99367.5666;130964.8545;0;0.6225314736366272;0.9221712350845337;True;"EntryScorer; BaseModel; AMBIGUOUS(review)"
769;0;-99367.5666;129040.8575;0;0.6269469261169434;0.9221945405006409;True;"EntryScorer; BaseModel; AMBIGUOUS(review)"
770;0;-99367.5666;127116.8606;0;0.5511570572853088;0.9130165576934814;True;"EntryScorer; BaseModel; AMBIGUOUS(review)"
771;0;-99367.5666;125192.8636;0;0.6290059089660645;0.9222055077552795;True;"EntryScorer; BaseModel; AMBIGUOUS(review)"
772;0;-99367.5666;123268.8667;0;0.561215341091156;0.9128984212875366;True;"EntryScorer; BaseModel; AMBIGUOUS(review)"
773;0;-99367.5666;152128.821;0;0.5401937961578369;0.9131776690483093;True;"EntryScorer; BaseModel; AMBIGUOUS(review)"
774;0;-87124.7483;75622.091;0;0.9950478672981262;0.8523831963539124;True;"EntryScorer; BaseModel; AMBIGUOUS(review)"
775;0;-87124.7483;77546.0879;0;0.994827926158905;0.8523750305175781;True;"EntryScorer; BaseModel; AMBIGUOUS(review)"
776;0;-87124.7483;79470.0849;0;0.994827926158905;0.8523750305175781;True;"EntryScorer; BaseModel; AMBIGUOUS(review)"
777;0;-87124.7483;81394.0818;0;0.994827926158905;0.8523750305175781;True;"EntryScorer; BaseModel; AMBIGUOUS(review)"
778;0;-13840.6611;128865.1997;0;0.8490062355995178;0.5191624760627747;False;"EntryScorer; BaseModel"
779;0;-31658.2787;130789.1967;0;0.7625741362571716;0.9880088567733765;True;"EntryScorer; BaseModel; AMBIGUOUS(review)"
780;0;-26232.6367;130789.1967;180;0.8854681253433228;0.9888849258422852;True;"EntryScorer; BaseModel; AMBIGUOUS(review)"
781;0;-13840.6611;130789.1967;0;0.9997527003288269;0.3439917266368866;False;"EntryScorer; BaseModel"
782;0;-31658.2787;132713.1936;0;0.27772092819213867;0.9983341097831726;True;"EntryScorer; BaseModel; AMBIGUOUS(review)"
783;0;-26232.6367;132713.1936;180;0.9708696603775024;0.990059494972229;True;"EntryScorer; BaseModel; AMBIGUOUS(review)"
784;0;-13840.6611;132713.1936;0;0.9997406601905823;0.34308212995529175;False;"EntryScorer; BaseModel"
785;0;-31658.2787;134637.1906;0;0.2193208783864975;0.9985421895980835;True;"EntryScorer; BaseModel; AMBIGUOUS(review)"
786;0;-26232.6367;134637.48375;180;0.996239423751831;0.985970675945282;True;"EntryScorer; BaseModel; AMBIGUOUS(review)"
787;0;-13840.6611;134637.1906;0;0.9997575879096985;0.3430348336696625;False;"EntryScorer; BaseModel"
788;0;-31658.2787;136561.1875;0;0.2088688164949417;0.9982531666755676;True;"EntryScorer; BaseModel; AMBIGUOUS(review)"
789;0;-26232.6367;136561.1875;180;0.9979912042617798;0.9858899116516113;True;"EntryScorer; BaseModel; AMBIGUOUS(review)"
790;0;-13840.6611;136561.1875;0;0.9997608065605164;0.3430376648902893;False;"EntryScorer; BaseModel"
791;0;-31658.2787;138485.1845;0;0.1985347718000412;0.9983195662498474;True;"EntryScorer; BaseModel; AMBIGUOUS(review)"
792;0;-26232.6367;138485.1845;180;0.9979057312011719;0.9858938455581665;True;"EntryScorer; BaseModel; AMBIGUOUS(review)"
793;0;-13840.6611;138485.1845;0;0.9997580647468567;0.34303534030914307;False;"EntryScorer; BaseModel"
794;0;-31658.2787;140409.1814;0;0.19446994364261627;0.9983450174331665;True;"EntryScorer; BaseModel; AMBIGUOUS(review)"
795;0;-26232.6367;140409.1814;180;0.9978699684143066;0.9858954548835754;True;"EntryScorer; BaseModel; AMBIGUOUS(review)"
796;0;-13840.6611;140409.1814;0;0.9997569918632507;0.3430345952510834;False;"EntryScorer; BaseModel"
797;0;-31658.2787;142333.1784;0;0.17728589475154877;0.9984482526779175;True;"EntryScorer; BaseModel; AMBIGUOUS(review)"
798;0;-26232.6367;142333.1784;180;0.9977045655250549;0.9859031438827515;True;"EntryScorer; BaseModel; AMBIGUOUS(review)"
799;0;-13840.6611;142333.1784;0;0.9997519850730896;0.343030720949173;False;"EntryScorer; BaseModel"
800;0;-31658.2787;144257.1753;0;0.1812160164117813;0.9984253644943237;True;"EntryScorer; BaseModel; AMBIGUOUS(review)"
801;0;-26232.6367;144257.46845;180;0.9977437257766724;0.9859012961387634;True;"EntryScorer; BaseModel; AMBIGUOUS(review)"
802;0;-13840.6611;144257.1753;0;0.9997531771659851;0.34303146600723267;False;"EntryScorer; BaseModel"
803;0;-31658.2787;147499.9228;0;0.20727397501468658;0.9982636570930481;True;"EntryScorer; BaseModel; AMBIGUOUS(review)"
804;0;-26232.6367;147499.9228;180;0.9975869655609131;0.985908567905426;True;"EntryScorer; BaseModel; AMBIGUOUS(review)"
805;0;-13840.6611;147499.9228;0;0.9997585415840149;0.34303584694862366;False;"EntryScorer; BaseModel"
806;0;-31658.2787;149423.9197;0;0.26236337423324585;0.9984935522079468;True;"EntryScorer; BaseModel; AMBIGUOUS(review)"
807;0;-26232.6367;149423.9197;180;0.9908075928688049;0.9866422414779663;True;"EntryScorer; BaseModel; AMBIGUOUS(review)"
808;0;-13840.6611;149423.9197;0;0.9997612833976746;0.34303775429725647;False;"EntryScorer; BaseModel"
809;0;-31658.2787;151347.9167;0;0.644261360168457;0.9948412775993347;True;"EntryScorer; BaseModel; AMBIGUOUS(review)"
810;0;-26232.6367;151347.9167;180;0.9229176640510559;0.9920593500137329;True;"EntryScorer; BaseModel; AMBIGUOUS(review)"
811;0;-13840.6611;151347.9167;0;0.9997552037239075;0.3434280455112457;False;"EntryScorer; BaseModel"
812;0;-31658.2787;153271.9136;0;0.8133708238601685;0.9639410376548767;True;"EntryScorer; BaseModel; AMBIGUOUS(review)"
813;0;-26232.6367;153272.20675;180;0.9760234355926514;0.9593278169631958;True;"EntryScorer; BaseModel; AMBIGUOUS(review)"
814;0;-13840.6611;153271.9136;0;0.9999195337295532;0.3442686200141907;False;"EntryScorer; BaseModel"
815;90;-81594.8673;309192.8438;270;0.005194633733481169;0.9836528301239014;True;"EntryScorer; BaseModel; AMBIGUOUS(review)"
816;90;-89290.8673;309122.8438;270;0.012771843001246452;0.9802290201187134;True;"EntryScorer; BaseModel; AMBIGUOUS(review)"
817;90;-87366.8673;309122.8438;270;0.012771843001246452;0.9802290201187134;True;"EntryScorer; BaseModel; AMBIGUOUS(review)"
818;90;-85442.8673;309122.8438;270;0.012771843001246452;0.9802290201187134;True;"EntryScorer; BaseModel; AMBIGUOUS(review)"
819;90;-83518.8673;309122.8438;270;0.012771843001246452;0.9802290201187134;True;"EntryScorer; BaseModel; AMBIGUOUS(review)"
820;90;-79670.8673;309192.8438;270;0.003946004901081324;0.9836558103561401;True;"EntryScorer; BaseModel; AMBIGUOUS(review)"
821;90;-77746.8673;309192.8438;270;0.005689018871635199;0.9836516976356506;True;"EntryScorer; BaseModel; AMBIGUOUS(review)"
822;90;-74743.5609;309197.5342;270;0.00556841678917408;0.9837737083435059;True;"EntryScorer; BaseModel; AMBIGUOUS(review)"
823;90;-72819.5609;309192.8438;270;0.005598221905529499;0.983651876449585;True;"EntryScorer; BaseModel; AMBIGUOUS(review)"
824;90;-70895.5609;309197.5342;270;0.005562903825193644;0.9837738275527954;True;"EntryScorer; BaseModel; AMBIGUOUS(review)"
825;90;-68971.5609;309197.5342;270;0.005569264758378267;0.9837737083435059;True;"EntryScorer; BaseModel; AMBIGUOUS(review)"
826;90;-67047.5609;309197.5342;270;0.005580623634159565;0.9837737083435059;True;"EntryScorer; BaseModel; AMBIGUOUS(review)"
827;90;-65123.5609;309192.8438;270;0.005599559750407934;0.983651876449585;True;"EntryScorer; BaseModel; AMBIGUOUS(review)"
828;90;-63199.5609;309192.8438;270;0.005565721541643143;0.983651876449585;True;"EntryScorer; BaseModel; AMBIGUOUS(review)"
829;90;-61275.5609;309192.8438;270;0.005624867044389248;0.9836517572402954;True;"EntryScorer; BaseModel; AMBIGUOUS(review)"
830;90;-59351.5609;309197.5342;270;0.0056748539209365845;0.9837734699249268;True;"EntryScorer; BaseModel; AMBIGUOUS(review)"
831;90;-57427.5609;309197.5342;270;0.005689474754035473;0.9837734699249268;True;"EntryScorer; BaseModel; AMBIGUOUS(review)"
832;90;-55503.5609;309197.5342;270;0.005689474754035473;0.9837734699249268;True;"EntryScorer; BaseModel; AMBIGUOUS(review)"
833;90;-53579.5609;309197.5342;270;0.0056753382086753845;0.9837734699249268;True;"EntryScorer; BaseModel; AMBIGUOUS(review)"
834;90;-51655.5609;309197.5342;270;0.005689479876309633;0.9837734699249268;True;"EntryScorer; BaseModel; AMBIGUOUS(review)"
835;90;-49731.5609;309192.8438;270;0.005722324829548597;0.9836515784263611;True;"EntryScorer; BaseModel; AMBIGUOUS(review)"
836;90;-47807.5609;309197.5342;270;0.0006692978204227984;0.9837853908538818;True;"EntryScorer; BaseModel; AMBIGUOUS(review)"
837;90;-44412.2632;309192.8438;270;0.0005303381476551294;0.9836639165878296;True;"EntryScorer; BaseModel; AMBIGUOUS(review)"
838;90;-42488.2632;309192.8438;270;0.0005444706184789538;0.9836639165878296;True;"EntryScorer; BaseModel; AMBIGUOUS(review)"
839;90;-40564.2632;309192.8438;270;0.0005444706184789538;0.9836639165878296;True;"EntryScorer; BaseModel; AMBIGUOUS(review)"
840;90;-38640.2632;309192.8438;270;0.0005395940388552845;0.9836639165878296;True;"EntryScorer; BaseModel; AMBIGUOUS(review)"
841;90;-36716.2632;309192.8438;270;0.0005444718990474939;0.9836639165878296;True;"EntryScorer; BaseModel; AMBIGUOUS(review)"
842;90;-34792.2632;309192.8438;270;0.000541346613317728;0.9836639165878296;True;"EntryScorer; BaseModel; AMBIGUOUS(review)"
843;90;-32868.2632;309192.8438;270;0.0005541837890632451;0.9836639165878296;True;"EntryScorer; BaseModel; AMBIGUOUS(review)"
844;90;-30944.2632;309192.8438;270;0.0005239397287368774;0.9836639165878296;True;"EntryScorer; BaseModel; AMBIGUOUS(review)"
845;90;-29020.2632;309192.8438;270;0.0005301432684063911;0.9836639165878296;True;"EntryScorer; BaseModel; AMBIGUOUS(review)"
846;90;-27096.2632;309192.8438;270;0.0001246020256076008;0.9836649298667908;True;"EntryScorer; BaseModel; AMBIGUOUS(review)"
847;90;-25172.2632;309192.8438;270;0.0002737394243013114;0.9823476076126099;True;"EntryScorer; BaseModel; AMBIGUOUS(review)"
848;90;-23248.2632;309192.8438;270;0.0007328765350393951;0.9823464751243591;True;"EntryScorer; BaseModel; AMBIGUOUS(review)"
849;90;-21324.2632;309192.8438;270;0.0005985860479995608;0.982346773147583;True;"EntryScorer; BaseModel; AMBIGUOUS(review)"
850;90;-17361.8632;309192.8438;270;0.00011752362479455769;0.9823479652404785;True;"EntryScorer; BaseModel; AMBIGUOUS(review)"
851;90;-13790.2513;309192.8438;270;0.0006925971247255802;0.9836635589599609;True;"EntryScorer; BaseModel; AMBIGUOUS(review)"
852;90;-11866.2513;309192.8438;270;0.0006925971247255802;0.9836635589599609;True;"EntryScorer; BaseModel; AMBIGUOUS(review)"
853;90;-9942.2513;309192.8438;270;0.0006925971247255802;0.9836635589599609;True;"EntryScorer; BaseModel; AMBIGUOUS(review)"
854;90;-8018.2513;309192.8438;270;0.0006925971247255802;0.9836635589599609;True;"EntryScorer; BaseModel; AMBIGUOUS(review)"
855;90;-6094.2513;309192.8438;270;0.0006925971247255802;0.9836635589599609;True;"EntryScorer; BaseModel; AMBIGUOUS(review)"
856;90;-4170.2513;309192.8438;270;0.0006925971247255802;0.9836635589599609;True;"EntryScorer; BaseModel; AMBIGUOUS(review)"
857;90;-2246.2513;309192.8438;270;0.0006925971247255802;0.9836635589599609;True;"EntryScorer; BaseModel; AMBIGUOUS(review)"
858;90;-322.2513;309192.8438;270;0.0006925971247255802;0.9836635589599609;True;"EntryScorer; BaseModel; AMBIGUOUS(review)"
859;90;1601.7487;309192.8438;270;0.002245970070362091;0.9639282822608948;True;"EntryScorer; BaseModel; AMBIGUOUS(review)"
860;90;3525.7487;309192.8438;270;0.9607433080673218;0.7489823698997498;True;"EntryScorer; BaseModel; AMBIGUOUS(review)"
861;90;5449.7487;309192.8438;270;0.960536003112793;0.7877910137176514;True;"EntryScorer; BaseModel; AMBIGUOUS(review)"
862;0;-100198.6513;310545.8438;0;0.0042380983941257;0.9959200620651245;True;"EntryScorer; BaseModel; AMBIGUOUS(review)"
863;0;-100198.6513;308621.8438;0;0.2640692889690399;0.9750892519950867;True;"EntryScorer; BaseModel; AMBIGUOUS(review)"
864;0;-100198.6513;306697.8438;0;0.9903092980384827;0.7793646454811096;True;"EntryScorer; BaseModel; AMBIGUOUS(review)"
865;0;-100198.6513;304773.8438;0;0.990982711315155;0.6983195543289185;True;"EntryScorer; BaseModel; AMBIGUOUS(review)"
866;0;-100198.6513;302849.8438;0;0.5139346122741699;0.9511175751686096;True;"EntryScorer; BaseModel; AMBIGUOUS(review)"
867;0;-100198.6513;300925.8438;0;0.3745432496070862;0.9794973134994507;True;"EntryScorer; BaseModel; AMBIGUOUS(review)"
868;0;-100198.6513;299001.8438;0;0.3745432496070862;0.9794973134994507;True;"EntryScorer; BaseModel; AMBIGUOUS(review)"
869;0;-100198.6513;295329.8425;0;0.5467036962509155;0.8845142722129822;True;"EntryScorer; BaseModel; AMBIGUOUS(review)"
870;0;-100198.6513;293405.8425;0;0.9911672472953796;0.6352129578590393;True;"EntryScorer; BaseModel; AMBIGUOUS(review)"
871;0;-100198.6513;291481.8425;0;0.9911092519760132;0.648337185382843;True;"EntryScorer; BaseModel; AMBIGUOUS(review)"
872;0;-100198.6513;289557.8425;0;0.9883303642272949;0.8414766192436218;True;"EntryScorer; BaseModel; AMBIGUOUS(review)"
873;0;-100198.6513;287633.8425;0;0.3867970407009125;0.9794609546661377;True;"EntryScorer; BaseModel; AMBIGUOUS(review)"
874;0;-100198.6513;285709.8425;0;0.3867970407009125;0.9794609546661377;True;"EntryScorer; BaseModel; AMBIGUOUS(review)"
875;0;-100198.6513;283785.8425;0;0.3867970407009125;0.9794609546661377;True;"EntryScorer; BaseModel; AMBIGUOUS(review)"
876;0;-100198.6513;281861.8425;0;0.4904170334339142;0.9617466330528259;True;"EntryScorer; BaseModel; AMBIGUOUS(review)"
877;0;-100198.6513;277288.9423;0;0.9909251928329468;0.6608819961547852;True;"EntryScorer; BaseModel; AMBIGUOUS(review)"
878;0;-100198.6513;275364.9423;0;0.9899322986602783;0.8307234644889832;True;"EntryScorer; BaseModel; AMBIGUOUS(review)"
879;0;-100198.6513;273440.9423;0;0.396455854177475;0.979432225227356;True;"EntryScorer; BaseModel; AMBIGUOUS(review)"
880;0;-100198.6513;271516.9423;0;0.396455854177475;0.979432225227356;True;"EntryScorer; BaseModel; AMBIGUOUS(review)"
881;0;-100198.6513;269592.9423;0;0.9899980425834656;0.8224311470985413;True;"EntryScorer; BaseModel; AMBIGUOUS(review)"
882;0;-100198.6513;267668.9423;0;0.9909324645996094;0.6593210697174072;True;"EntryScorer; BaseModel; AMBIGUOUS(review)"
883;0;-100198.6513;265744.9423;0;0.9910212159156799;0.6397959589958191;True;"EntryScorer; BaseModel; AMBIGUOUS(review)"
884;90;-22812.2507;280508.4438;270;1.0;0.3066019117832184;False;"EntryScorer; BaseModel"
885;90;-22812.2507;289662.8438;90;0.9999949932098389;0.30660879611968994;False;"EntryScorer; BaseModel"
886;90;-22812.2507;294908.4438;270;0.9999998807907104;0.3593306541442871;False;"EntryScorer; BaseModel"
887;90;-22812.2507;304002.8438;90;0.999995231628418;0.32184037566185;False;"EntryScorer; BaseModel"
888;90;-20888.2507;280508.4438;270;0.9999998807907104;0.3066008388996124;False;"EntryScorer; BaseModel"
889;90;-20888.2507;289662.8438;90;0.9999955892562866;0.3066054582595825;False;"EntryScorer; BaseModel"
890;90;-20888.2507;294908.4438;270;0.9999998807907104;0.3593173325061798;False;"EntryScorer; BaseModel"
891;90;-20888.2507;304002.8438;90;0.9999958276748657;0.3218361735343933;False;"EntryScorer; BaseModel"
892;90;-17040.2507;278234.8438;270;0.6000319719314575;0.8160288333892822;True;"EntryScorer; BaseModel; AMBIGUOUS(review)"
893;90;-17040.2507;281645.2438;270;1.634085492696613e-05;0.9589784145355225;True;"EntryScorer; BaseModel; AMBIGUOUS(review)"
894;90;-17040.2507;289662.8438;90;0.9999947547912598;0.30660122632980347;False;"EntryScorer; BaseModel"
895;90;-17040.2507;294908.4438;270;0.9999054670333862;0.31878501176834106;False;"EntryScorer; BaseModel"
896;90;-17040.2507;304002.8438;90;0.9997866749763489;0.28371089696884155;False;"EntryScorer; BaseModel"
897;90;-1438.6499;278234.8438;270;0.9109054803848267;0.9915251135826111;True;"EntryScorer; BaseModel; AMBIGUOUS(review)"
898;90;-1438.6499;281645.2438;270;0.003248000517487526;0.996988832950592;True;"EntryScorer; BaseModel; AMBIGUOUS(review)"
899;90;-1438.6499;289662.8438;90;0.9999934434890747;0.30661025643348694;False;"EntryScorer; BaseModel"
900;90;-1438.6499;294908.4438;270;0.9998779296875;0.3253486752510071;False;"EntryScorer; BaseModel"
901;90;-1438.6499;304002.8438;90;0.9999253749847412;0.28379011154174805;False;"EntryScorer; BaseModel"
902;90;-91214.8673;309122.8438;270;0.012771843001246452;0.9802290201187134;True;"EntryScorer; BaseModel; AMBIGUOUS(review)"
903;90;-80951.4523;257663.6438;270;0.9999908208847046;0.26992249488830566;False;"EntryScorer; BaseModel"
904;90;-80951.4523;264484.4438;90;0.9998811483383179;0.3068144917488098;False;"EntryScorer; BaseModel"
905;90;-80951.4523;269604.4438;270;0.9999041557312012;0.36195480823516846;False;"EntryScorer; BaseModel"
906;90;-80951.4523;270811.2438;270;0.005884465295821428;0.7813177704811096;True;"EntryScorer; BaseModel; AMBIGUOUS(review)"
907;90;-80951.4523;275388.4438;90;0.999929666519165;0.3420620560646057;False;"EntryScorer; BaseModel"
908;90;-80951.4523;280508.4438;270;0.9999983310699463;0.3066033720970154;False;"EntryScorer; BaseModel"
909;90;-80951.4523;289662.8438;90;0.9999439716339111;0.30660438537597656;False;"EntryScorer; BaseModel"
910;90;-80951.4523;294908.4438;270;0.9999959468841553;0.35934510827064514;False;"EntryScorer; BaseModel"
911;90;-80951.4523;304002.8438;90;0.9999469518661499;0.3218328356742859;False;"EntryScorer; BaseModel"
912;90;-79027.4523;257663.6438;270;0.9999825954437256;0.2698995769023895;False;"EntryScorer; BaseModel"
913;90;-79027.4523;264484.4438;90;0.9998816251754761;0.3066936135292053;False;"EntryScorer; BaseModel"
914;90;-79027.4523;269604.4438;270;0.9998469352722168;0.3451426029205322;False;"EntryScorer; BaseModel"
915;90;-79027.4523;270811.2438;270;0.001665074029006064;0.7807254791259766;True;"EntryScorer; BaseModel; AMBIGUOUS(review)"
916;90;-79027.4523;275388.4438;90;0.9999281167984009;0.3420371413230896;False;"EntryScorer; BaseModel"
917;90;-79027.4523;280508.4438;270;0.9999969005584717;0.30660149455070496;False;"EntryScorer; BaseModel"
918;90;-79027.4523;289662.8438;90;0.9999403953552246;0.30660155415534973;False;"EntryScorer; BaseModel"
919;90;-79027.4523;294908.4438;270;0.9999938011169434;0.35932615399360657;False;"EntryScorer; BaseModel"
920;90;-79027.4523;304002.8438;90;0.9999308586120605;0.32182934880256653;False;"EntryScorer; BaseModel"
921;90;-73045.8515;257663.6438;270;0.9999908208847046;0.2699216902256012;False;"EntryScorer; BaseModel"
922;90;-73045.8515;264484.4438;90;0.9998811483383179;0.3068086504936218;False;"EntryScorer; BaseModel"
923;90;-73045.8515;269604.4438;270;0.9999028444290161;0.36091694235801697;False;"EntryScorer; BaseModel"
924;90;-73045.8515;270811.2438;270;0.0056811748072505;0.7812960147857666;True;"EntryScorer; BaseModel; AMBIGUOUS(review)"
925;90;-73045.8515;275388.4438;90;0.999929666519165;0.3420611619949341;False;"EntryScorer; BaseModel"
926;90;-73045.8515;280508.4438;270;0.9999983310699463;0.3066033720970154;False;"EntryScorer; BaseModel"
927;90;-73045.8515;289662.8438;90;0.9999439716339111;0.3066042959690094;False;"EntryScorer; BaseModel"
928;90;-73045.8515;294908.4438;270;0.9999959468841553;0.359344482421875;False;"EntryScorer; BaseModel"
929;90;-73045.8515;304002.8438;90;0.9999468326568604;0.3218327760696411;False;"EntryScorer; BaseModel"
930;90;-71121.8515;257663.6438;270;0.9999908208847046;0.2699216306209564;False;"EntryScorer; BaseModel"
931;90;-71121.8515;264484.4438;90;0.9998811483383179;0.30680930614471436;False;"EntryScorer; BaseModel"
932;90;-71121.8515;269604.4438;270;0.9999029636383057;0.3610461354255676;False;"EntryScorer; BaseModel"
933;90;-71121.8515;270811.2438;270;0.005706661846488714;0.7812987565994263;True;"EntryScorer; BaseModel; AMBIGUOUS(review)"
934;90;-71121.8515;275388.4438;90;0.999929666519165;0.34206122159957886;False;"EntryScorer; BaseModel"
935;90;-71121.8515;280508.4438;270;0.9999983310699463;0.3066033720970154;False;"EntryScorer; BaseModel"
936;90;-71121.8515;289662.8438;90;0.9999439716339111;0.3066042959690094;False;"EntryScorer; BaseModel"
937;90;-71121.8515;294908.4438;270;0.9999959468841553;0.3593445420265198;False;"EntryScorer; BaseModel"
938;90;-71121.8515;304002.8438;90;0.9999468326568604;0.3218327760696411;False;"EntryScorer; BaseModel"
939;90;-69197.8515;257663.6438;270;0.999990701675415;0.2699216306209564;False;"EntryScorer; BaseModel"
940;90;-69197.8515;264484.4438;90;0.9998811483383179;0.30680784583091736;False;"EntryScorer; BaseModel"
941;90;-69197.8515;269604.4438;270;0.999902606010437;0.36078906059265137;False;"EntryScorer; BaseModel"
942;90;-69197.8515;270811.2438;270;0.005655833054333925;0.7812932133674622;True;"EntryScorer; BaseModel; AMBIGUOUS(review)"
943;90;-69197.8515;275388.4438;90;0.999929666519165;0.3420611619949341;False;"EntryScorer; BaseModel"
944;90;-69197.8515;280508.4438;270;0.9999983310699463;0.3066033720970154;False;"EntryScorer; BaseModel"
945;90;-69197.8515;289662.8438;90;0.9999439716339111;0.3066042959690094;False;"EntryScorer; BaseModel"
946;90;-69197.8515;294908.4438;270;0.9999959468841553;0.359344482421875;False;"EntryScorer; BaseModel"
947;90;-69197.8515;304002.8438;90;0.9999468326568604;0.3218327760696411;False;"EntryScorer; BaseModel"
948;90;-67273.8515;257663.6438;270;0.999990701675415;0.26992109417915344;False;"EntryScorer; BaseModel"
949;90;-67273.8515;264484.4438;90;0.9998811483383179;0.30680525302886963;False;"EntryScorer; BaseModel"
950;90;-67273.8515;269604.4438;270;0.9999020099639893;0.36033955216407776;False;"EntryScorer; BaseModel"
951;90;-67273.8515;270811.2438;270;0.005566389765590429;0.7812835574150085;True;"EntryScorer; BaseModel; AMBIGUOUS(review)"
952;90;-67273.8515;275388.4438;90;0.999929666519165;0.34206080436706543;False;"EntryScorer; BaseModel"
953;90;-67273.8515;280508.4438;270;0.9999983310699463;0.3066033124923706;False;"EntryScorer; BaseModel"
954;90;-67273.8515;289662.8438;90;0.9999439716339111;0.3066042363643646;False;"EntryScorer; BaseModel"
955;90;-67273.8515;294908.4438;270;0.9999959468841553;0.3593442440032959;False;"EntryScorer; BaseModel"
956;90;-67273.8515;304002.8438;90;0.9999468326568604;0.3218327760696411;False;"EntryScorer; BaseModel"
957;90;-65349.8515;257663.6438;270;0.999990701675415;0.26992160081863403;False;"EntryScorer; BaseModel"
958;90;-65349.8515;264484.4438;90;0.9998811483383179;0.3068084120750427;False;"EntryScorer; BaseModel"
959;90;-65349.8515;269604.4438;270;0.9999027252197266;0.36086341738700867;False;"EntryScorer; BaseModel"
960;90;-65349.8515;270811.2438;270;0.005670540034770966;0.7812947630882263;True;"EntryScorer; BaseModel; AMBIGUOUS(review)"
961;90;-65349.8515;275388.4438;90;0.999929666519165;0.3420611619949341;False;"EntryScorer; BaseModel"
962;90;-65349.8515;280508.4438;270;0.9999983310699463;0.3066033720970154;False;"EntryScorer; BaseModel"
963;90;-65349.8515;289662.8438;90;0.9999439716339111;0.3066042959690094;False;"EntryScorer; BaseModel"
964;90;-65349.8515;294908.4438;270;0.9963350296020508;0.9603220224380493;True;"EntryScorer; BaseModel; AMBIGUOUS(review)"
965;90;-63425.8515;257663.6438;270;0.9999909400939941;0.2699227035045624;False;"EntryScorer; BaseModel"
966;90;-63425.8515;264484.4438;90;0.9998811483383179;0.30681610107421875;False;"EntryScorer; BaseModel"
967;90;-63425.8515;269604.4438;270;0.9999045133590698;0.362272173166275;False;"EntryScorer; BaseModel"
968;90;-63425.8515;270811.2438;270;0.005945894867181778;0.7813244462013245;True;"EntryScorer; BaseModel; AMBIGUOUS(review)"
969;90;-63425.8515;275388.4438;90;0.999929666519165;0.34206250309944153;False;"EntryScorer; BaseModel"
970;90;-63425.8515;280508.4438;270;0.9959502220153809;0.957834780216217;True;"EntryScorer; BaseModel; AMBIGUOUS(review)"
971;90;-63425.8515;294908.4438;270;0.9999959468841553;0.35934531688690186;False;"EntryScorer; BaseModel"
972;90;-63425.8515;304002.8438;90;0.9999469518661499;0.3218328356742859;False;"EntryScorer; BaseModel"
973;90;-57653.8515;257663.6438;270;0.9999898672103882;0.26991719007492065;False;"EntryScorer; BaseModel"
974;90;-57653.8515;264484.4438;90;0.9998812675476074;0.3067775070667267;False;"EntryScorer; BaseModel"
975;90;-57653.8515;269604.4438;270;0.9998948574066162;0.35587775707244873;False;"EntryScorer; BaseModel"
976;90;-57653.8515;270811.2438;270;0.004654045216739178;0.7811806201934814;True;"EntryScorer; BaseModel; AMBIGUOUS(review)"
977;90;-57653.8515;275388.4438;90;0.9999297857284546;0.34205660223960876;False;"EntryScorer; BaseModel"
978;90;-57653.8515;280508.4438;270;0.9999982118606567;0.30660316348075867;False;"EntryScorer; BaseModel"
979;90;-57653.8515;289662.8438;90;0.9999436140060425;0.30660387873649597;False;"EntryScorer; BaseModel"
980;90;-57653.8515;294908.4438;270;0.9999957084655762;0.35934075713157654;False;"EntryScorer; BaseModel"
981;90;-57653.8515;304002.8438;90;0.9999463558197021;0.3218322694301605;False;"EntryScorer; BaseModel"
982;90;-55729.8515;257663.6438;270;0.9999898672103882;0.26991719007492065;False;"EntryScorer; BaseModel"
983;90;-55729.8515;264484.4438;90;0.9998812675476074;0.3067775070667267;False;"EntryScorer; BaseModel"
984;90;-55729.8515;269604.4438;270;0.9998948574066162;0.3558778166770935;False;"EntryScorer; BaseModel"
985;90;-55729.8515;270811.2438;270;0.0046540540643036366;0.7811805605888367;True;"EntryScorer; BaseModel; AMBIGUOUS(review)"
986;90;-55729.8515;275388.4438;90;0.9999297857284546;0.34205660223960876;False;"EntryScorer; BaseModel"
987;90;-55729.8515;280508.4438;270;0.9999982118606567;0.30660316348075867;False;"EntryScorer; BaseModel"
988;90;-55729.8515;289662.8438;90;0.9999436140060425;0.30660387873649597;False;"EntryScorer; BaseModel"
989;90;-55729.8515;294908.4438;270;0.9999957084655762;0.35934075713157654;False;"EntryScorer; BaseModel"
990;90;-55729.8515;304002.8438;90;0.9999463558197021;0.3218322694301605;False;"EntryScorer; BaseModel"
991;90;-53805.8515;257663.6438;270;0.9999897480010986;0.26991668343544006;False;"EntryScorer; BaseModel"
992;90;-53805.8515;264484.4438;90;0.9998812675476074;0.3067748248577118;False;"EntryScorer; BaseModel"
993;90;-53805.8515;269604.4438;270;0.9998940229415894;0.35547250509262085;False;"EntryScorer; BaseModel"
994;90;-53805.8515;270811.2438;270;0.004567013122141361;0.781170129776001;True;"EntryScorer; BaseModel; AMBIGUOUS(review)"
995;90;-53805.8515;275388.4438;90;0.9999297857284546;0.3420562446117401;False;"EntryScorer; BaseModel"
996;90;-53805.8515;280508.4438;270;0.9999982118606567;0.30660292506217957;False;"EntryScorer; BaseModel"
997;90;-53805.8515;289662.8438;90;0.9999436140060425;0.30660387873649597;False;"EntryScorer; BaseModel"
998;90;-53805.8515;294908.4438;270;0.9999957084655762;0.3593403398990631;False;"EntryScorer; BaseModel"
999;90;-53805.8515;304002.8438;90;0.9999462366104126;0.3218322992324829;False;"EntryScorer; BaseModel"
1000;90;-51881.8515;257663.6438;270;0.9999898672103882;0.26991719007492065;False;"EntryScorer; BaseModel"
1001;90;-51881.8515;264484.4438;90;0.9998812675476074;0.3067775070667267;False;"EntryScorer; BaseModel"
1002;90;-51881.8515;269604.4438;270;0.9998948574066162;0.35587790608406067;False;"EntryScorer; BaseModel"
1003;90;-51881.8515;270811.2438;270;0.004654071759432554;0.7811805605888367;True;"EntryScorer; BaseModel; AMBIGUOUS(review)"
1004;90;-51881.8515;275388.4438;90;0.9999297857284546;0.34205660223960876;False;"EntryScorer; BaseModel"
1005;90;-51881.8515;280508.4438;270;0.9999982118606567;0.30660316348075867;False;"EntryScorer; BaseModel"
1006;90;-51881.8515;289662.8438;90;0.9999436140060425;0.30660387873649597;False;"EntryScorer; BaseModel"
1007;90;-51881.8515;294908.4438;270;0.9999957084655762;0.35934075713157654;False;"EntryScorer; BaseModel"
1008;90;-51881.8515;304002.8438;90;0.9999463558197021;0.3218322694301605;False;"EntryScorer; BaseModel"
1009;90;-49957.8515;257663.6438;270;0.9999898672103882;0.26991719007492065;False;"EntryScorer; BaseModel"
1010;90;-49957.8515;264484.4438;90;0.9998812675476074;0.3067775070667267;False;"EntryScorer; BaseModel"
1011;90;-49957.8515;269604.4438;270;0.9998948574066162;0.35587790608406067;False;"EntryScorer; BaseModel"
1012;90;-49957.8515;270811.2438;270;0.0046540782786905766;0.7811805605888367;True;"EntryScorer; BaseModel; AMBIGUOUS(review)"
1013;90;-49957.8515;275388.4438;90;0.9999297857284546;0.34205660223960876;False;"EntryScorer; BaseModel"
1014;90;-49957.8515;280508.4438;270;0.9999982118606567;0.30660316348075867;False;"EntryScorer; BaseModel"
1015;90;-49957.8515;289662.8438;90;0.9999436140060425;0.30660387873649597;False;"EntryScorer; BaseModel"
1016;90;-49957.8515;294908.4438;270;0.9999957084655762;0.35934075713157654;False;"EntryScorer; BaseModel"
1017;90;-49957.8515;304002.8438;90;0.9999463558197021;0.3218322694301605;False;"EntryScorer; BaseModel"
1018;90;-42052.2507;257663.6438;270;0.9999997615814209;0.2699061930179596;False;"EntryScorer; BaseModel"
1019;90;-42052.2507;264484.4438;90;0.9999880790710449;0.3068051338195801;False;"EntryScorer; BaseModel"
1020;90;-42052.2507;269604.4438;270;0.9999980926513672;0.3535188138484955;False;"EntryScorer; BaseModel"
1021;90;-42052.2507;270811.2438;270;0.004519436042755842;0.781007707118988;True;"EntryScorer; BaseModel; AMBIGUOUS(review)"
1022;90;-42052.2507;275388.4438;90;0.9999935626983643;0.34207916259765625;False;"EntryScorer; BaseModel"
1023;90;-42052.2507;280508.4438;270;1.0;0.3066025674343109;False;"EntryScorer; BaseModel"
1024;90;-42052.2507;289662.8438;90;0.9999947547912598;0.30660974979400635;False;"EntryScorer; BaseModel"
1025;90;-42052.2507;294908.4438;270;0.9999998807907104;0.35933879017829895;False;"EntryScorer; BaseModel"
1026;90;-42052.2507;304002.8438;90;0.9999951124191284;0.32184162735939026;False;"EntryScorer; BaseModel"
1027;90;-40128.2507;257663.6438;270;0.9999997615814209;0.2699061930179596;False;"EntryScorer; BaseModel"
1028;90;-40128.2507;264484.4438;90;0.9999880790710449;0.3068051338195801;False;"EntryScorer; BaseModel"
1029;90;-40128.2507;269604.4438;270;0.9999980926513672;0.3535188138484955;False;"EntryScorer; BaseModel"
1030;90;-40128.2507;270811.2438;270;0.004519429989159107;0.7810078263282776;True;"EntryScorer; BaseModel; AMBIGUOUS(review)"
1031;90;-40128.2507;275388.4438;90;0.9999935626983643;0.34207916259765625;False;"EntryScorer; BaseModel"
1032;90;-40128.2507;280508.4438;270;1.0;0.3066025674343109;False;"EntryScorer; BaseModel"
1033;90;-40128.2507;289662.8438;90;0.9999947547912598;0.30660974979400635;False;"EntryScorer; BaseModel"
1034;90;-40128.2507;294908.4438;270;0.9999998807907104;0.35933879017829895;False;"EntryScorer; BaseModel"
1035;90;-40128.2507;304002.8438;90;0.9999951124191284;0.32184162735939026;False;"EntryScorer; BaseModel"
1036;90;-38204.2507;257663.6438;270;0.9999997615814209;0.26990675926208496;False;"EntryScorer; BaseModel"
1037;90;-38204.2507;264484.4438;90;0.9999879598617554;0.3068082332611084;False;"EntryScorer; BaseModel"
1038;90;-38204.2507;269604.4438;270;0.9999980926513672;0.3539535403251648;False;"EntryScorer; BaseModel"
1039;90;-38204.2507;270811.2438;270;0.00465154554694891;0.7810254693031311;True;"EntryScorer; BaseModel; AMBIGUOUS(review)"
1040;90;-38204.2507;275388.4438;90;0.9999935626983643;0.34208035469055176;False;"EntryScorer; BaseModel"
1041;90;-38204.2507;280508.4438;270;1.0;0.3066025674343109;False;"EntryScorer; BaseModel"
1042;90;-38204.2507;289662.8438;90;0.9999947547912598;0.3066098988056183;False;"EntryScorer; BaseModel"
1043;90;-38204.2507;294908.4438;270;0.9999998807907104;0.35933956503868103;False;"EntryScorer; BaseModel"
1044;90;-38204.2507;304002.8438;90;0.9999951124191284;0.32184165716171265;False;"EntryScorer; BaseModel"
1045;90;-36280.2507;257663.6438;270;0.9999997615814209;0.2699061930179596;False;"EntryScorer; BaseModel"
1046;90;-36280.2507;264484.4438;90;0.9999880790710449;0.3068051338195801;False;"EntryScorer; BaseModel"
1047;90;-36280.2507;269604.4438;270;0.9999980926513672;0.35351869463920593;False;"EntryScorer; BaseModel"
1048;90;-36280.2507;270811.2438;270;0.00451941043138504;0.781007707118988;True;"EntryScorer; BaseModel; AMBIGUOUS(review)"
1049;90;-36280.2507;275388.4438;90;0.9999935626983643;0.34207916259765625;False;"EntryScorer; BaseModel"
1050;90;-36280.2507;280508.4438;270;1.0;0.3066025674343109;False;"EntryScorer; BaseModel"
1051;90;-36280.2507;289662.8438;90;0.9999947547912598;0.30660974979400635;False;"EntryScorer; BaseModel"
1052;90;-36280.2507;294908.4438;270;0.9999998807907104;0.35933879017829895;False;"EntryScorer; BaseModel"
1053;90;-36280.2507;304002.8438;90;0.9999951124191284;0.32184162735939026;False;"EntryScorer; BaseModel"
1054;90;-34356.2507;257663.6438;270;0.9999997615814209;0.2699064314365387;False;"EntryScorer; BaseModel"
1055;90;-34356.2507;264484.4438;90;0.9999880790710449;0.30680641531944275;False;"EntryScorer; BaseModel"
1056;90;-34356.2507;269604.4438;270;0.9999980926513672;0.35371848940849304;False;"EntryScorer; BaseModel"
1057;90;-34356.2507;270811.2438;270;0.004580244887620211;0.7810159921646118;True;"EntryScorer; BaseModel; AMBIGUOUS(review)"
1058;90;-34356.2507;275388.4438;90;0.9999935626983643;0.3420797288417816;False;"EntryScorer; BaseModel"
1059;90;-34356.2507;280508.4438;270;1.0;0.3066025674343109;False;"EntryScorer; BaseModel"
1060;90;-34356.2507;289662.8438;90;0.9999947547912598;0.30660974979400635;False;"EntryScorer; BaseModel"
1061;90;-34356.2507;294908.4438;270;0.9999998807907104;0.3593391180038452;False;"EntryScorer; BaseModel"
1062;90;-34356.2507;304002.8438;90;0.9999951124191284;0.32184165716171265;False;"EntryScorer; BaseModel"
1063;90;-59577.8515;264483.4438;90;0.9988295435905457;0.9516867995262146;True;"EntryScorer; BaseModel; AMBIGUOUS(review)"
1064;90;-59577.8515;269604.4438;270;0.9998940229415894;0.3554588854312897;False;"EntryScorer; BaseModel"
1065;90;-59577.8515;270811.2438;270;0.0045640659518539906;0.7811698317527771;True;"EntryScorer; BaseModel; AMBIGUOUS(review)"
1066;90;-59577.8515;275388.4438;90;0.9999297857284546;0.3420562446117401;False;"EntryScorer; BaseModel"
1067;90;-59577.8515;280508.4438;270;0.9999982118606567;0.30660292506217957;False;"EntryScorer; BaseModel"
1068;90;-59577.8515;289662.8438;90;0.9999436140060425;0.30660387873649597;False;"EntryScorer; BaseModel"
1069;90;-59577.8515;294908.4438;270;0.9999957084655762;0.3593403398990631;False;"EntryScorer; BaseModel"
1070;90;-59577.8515;304002.8438;90;0.9999462366104126;0.3218322992324829;False;"EntryScorer; BaseModel"
1071;0;-95022.6513;281270.4438;180;0.9628558158874512;0.3525218367576599;False;"EntryScorer; BaseModel"
1072;0;-95022.6513;283194.4438;180;0.9719760417938232;0.322449654340744;False;"EntryScorer; BaseModel"
1073;0;-95022.6513;285118.4438;180;0.9719760417938232;0.3222202658653259;False;"EntryScorer; BaseModel"
1074;0;-95022.6513;287042.4438;180;0.9719760417938232;0.32248035073280334;False;"EntryScorer; BaseModel"
1075;0;-95022.6513;288966.4438;180;0.9719760417938232;0.36338552832603455;False;"EntryScorer; BaseModel"
1076;0;3012.5487;282844.8438;0;0.9849493503570557;0.2236448973417282;False;"EntryScorer; BaseModel"
1077;0;3012.5487;284768.8438;0;0.9849493503570557;0.2236448973417282;False;"EntryScorer; BaseModel"
1078;0;3012.5487;286692.8438;0;0.9849493503570557;0.22384102642536163;False;"EntryScorer; BaseModel"
1079;0;3012.5487;288616.8438;0;0.9849493503570557;0.24933643639087677;False;"EntryScorer; BaseModel"
1080;0;-95022.6513;270778.4438;180;0.9753485321998596;0.33203306794166565;False;"EntryScorer; BaseModel"
1081;0;-95022.6513;272702.4438;180;0.9753485321998596;0.32266467809677124;False;"EntryScorer; BaseModel"
1082;0;-95022.6513;274626.4438;180;0.9753485321998596;0.3615812361240387;False;"EntryScorer; BaseModel"
1083;90;-28584.2507;257663.6438;270;0.9999997615814209;0.26990869641304016;False;"EntryScorer; BaseModel"
1084;90;-28584.2507;264484.4438;90;0.9999879598617554;0.30681654810905457;False;"EntryScorer; BaseModel"
1085;90;-28584.2507;269604.4438;270;0.9999980926513672;0.35507652163505554;False;"EntryScorer; BaseModel"
1086;90;-28584.2507;270811.2438;270;0.004973302129656076;0.7810682058334351;True;"EntryScorer; BaseModel; AMBIGUOUS(review)"
1087;90;-28584.2507;275388.4438;90;0.9999935626983643;0.3420833945274353;False;"EntryScorer; BaseModel"
1088;90;-28584.2507;280508.4438;270;1.0;0.3066026568412781;False;"EntryScorer; BaseModel"
1089;90;-28584.2507;289662.8438;90;0.9999947547912598;0.306610107421875;False;"EntryScorer; BaseModel"
1090;90;-28584.2507;294908.4438;270;0.9999998807907104;0.3593412935733795;False;"EntryScorer; BaseModel"
1091;90;-28584.2507;304002.8438;90;0.9999951124191284;0.32184192538261414;False;"EntryScorer; BaseModel"
1092;90;-12982.6499;278234.8438;270;0.9999994039535522;0.9902054667472839;True;"EntryScorer; BaseModel; AMBIGUOUS(review)"
1093;90;-12982.6499;289662.8438;90;0.9999973773956299;0.3066021502017975;False;"EntryScorer; BaseModel"
1094;90;-12982.6499;294908.4438;270;0.9999998807907104;0.3593415319919586;False;"EntryScorer; BaseModel"
1095;90;-12982.6499;304002.8438;90;0.9999949932098389;0.32184192538261414;False;"EntryScorer; BaseModel"
1096;90;-11058.6499;278234.8438;270;0.9999994039535522;0.9902054667472839;True;"EntryScorer; BaseModel; AMBIGUOUS(review)"
1097;90;-11058.6499;289662.8438;90;0.9999973773956299;0.3066021502017975;False;"EntryScorer; BaseModel"
1098;90;-11058.6499;294908.4438;270;0.9999998807907104;0.3593415319919586;False;"EntryScorer; BaseModel"
1099;90;-11058.6499;304002.8438;90;0.9999949932098389;0.32184192538261414;False;"EntryScorer; BaseModel"
1100;90;-9134.6499;278234.8438;270;0.9999994039535522;0.9902054667472839;True;"EntryScorer; BaseModel; AMBIGUOUS(review)"
1101;90;-9134.6499;289662.8438;90;0.9999973773956299;0.3066021502017975;False;"EntryScorer; BaseModel"
1102;90;-9134.6499;294908.4438;270;0.9999998807907104;0.3593415319919586;False;"EntryScorer; BaseModel"
1103;90;-9134.6499;304002.8438;90;0.9999949932098389;0.32184192538261414;False;"EntryScorer; BaseModel"
1104;90;-7210.6499;278234.8438;270;0.9999994039535522;0.9902054667472839;True;"EntryScorer; BaseModel; AMBIGUOUS(review)"
1105;90;-7210.6499;289662.8438;90;0.9999973773956299;0.3066021502017975;False;"EntryScorer; BaseModel"
1106;90;-7210.6499;294908.4438;270;0.9999998807907104;0.3593415319919586;False;"EntryScorer; BaseModel"
1107;90;-7210.6499;304002.8438;90;0.9999949932098389;0.32184192538261414;False;"EntryScorer; BaseModel"
1108;90;-5286.6499;278234.8438;270;0.9999994039535522;0.9902054667472839;True;"EntryScorer; BaseModel; AMBIGUOUS(review)"
1109;90;-5286.6499;289662.8438;90;0.9999973773956299;0.3066021502017975;False;"EntryScorer; BaseModel"
1110;90;-5286.6499;294908.4438;270;0.9999998807907104;0.3593415319919586;False;"EntryScorer; BaseModel"
1111;90;-5286.6499;304002.8438;90;0.9999949932098389;0.32184192538261414;False;"EntryScorer; BaseModel"
1112;90;-3362.6499;278234.8438;270;0.9999994039535522;0.9902054667472839;True;"EntryScorer; BaseModel; AMBIGUOUS(review)"
1113;90;-3362.6499;289662.8438;90;0.9999973773956299;0.3066021502017975;False;"EntryScorer; BaseModel"
1114;90;-3362.6499;294908.4438;270;0.9999998807907104;0.3593415319919586;False;"EntryScorer; BaseModel"
1115;90;-3362.6499;304002.8438;90;0.9999949932098389;0.32184192538261414;False;"EntryScorer; BaseModel"
1116;0;3012.5487;278996.8438;0;0.9855301380157471;0.223713681101799;False;"EntryScorer; BaseModel"
1117;90;-15116.2507;278234.8438;270;0.9222137928009033;0.9849205613136292;True;"EntryScorer; BaseModel; AMBIGUOUS(review)"
1118;90;-15116.2507;289662.8438;90;0.9998979568481445;0.26962175965309143;False;"EntryScorer; BaseModel"
1119;90;-15116.2507;304002.8438;90;0.9999253749847412;0.6072248220443726;True;"EntryScorer; BaseModel; AMBIGUOUS(review)"
1120;90;-18964.2507;280508.4438;270;0.9999997615814209;0.43908607959747314;False;"EntryScorer; BaseModel"
1121;90;-18964.2507;289662.8438;90;0.9999967813491821;0.30660367012023926;False;"EntryScorer; BaseModel"
1122;90;-18964.2507;294908.4438;270;0.9999996423721313;0.35931363701820374;False;"EntryScorer; BaseModel"
1123;90;-18964.2507;304002.8438;90;0.9999966621398926;0.3218322694301605;False;"EntryScorer; BaseModel"
1124;90;-82875.4523;257663.6438;270;0.9999886751174927;0.14305910468101501;False;"EntryScorer; BaseModel"
1125;90;-82875.4523;264484.4438;90;0.9998811483383179;0.3068144917488098;False;"EntryScorer; BaseModel"
1126;90;-82875.4523;269604.4438;270;0.9999041557312012;0.36195480823516846;False;"EntryScorer; BaseModel"
1127;90;-82875.4523;270811.2438;270;0.005884465295821428;0.7813177704811096;True;"EntryScorer; BaseModel; AMBIGUOUS(review)"
1128;90;-82875.4523;275388.4438;90;0.999929666519165;0.3420620560646057;False;"EntryScorer; BaseModel"
1129;90;-82875.4523;280508.4438;270;0.9999983310699463;0.3066033720970154;False;"EntryScorer; BaseModel"
1130;90;-82875.4523;289662.8438;90;0.9999439716339111;0.30660438537597656;False;"EntryScorer; BaseModel"
1131;90;-82875.4523;294908.4438;270;0.9999959468841553;0.35934510827064514;False;"EntryScorer; BaseModel"
1132;90;-82875.4523;304002.8438;90;0.9999469518661499;0.3218328356742859;False;"EntryScorer; BaseModel"
1133;90;-84799.4523;257663.6438;270;0.9999850988388062;0.058646850287914276;False;"EntryScorer; BaseModel"
1134;90;-84799.4523;264484.4438;90;0.9998811483383179;0.3068144917488098;False;"EntryScorer; BaseModel"
1135;90;-84799.4523;269604.4438;270;0.9999041557312012;0.36195480823516846;False;"EntryScorer; BaseModel"
1136;90;-84799.4523;270811.2438;270;0.005884465295821428;0.7813177704811096;True;"EntryScorer; BaseModel; AMBIGUOUS(review)"
1137;90;-84799.4523;275388.4438;90;0.999929666519165;0.3420620560646057;False;"EntryScorer; BaseModel"
1138;90;-84799.4523;280508.4438;270;0.9999983310699463;0.3066033720970154;False;"EntryScorer; BaseModel"
1139;90;-84799.4523;289662.8438;90;0.9999439716339111;0.30660438537597656;False;"EntryScorer; BaseModel"
1140;90;-84799.4523;294908.4438;270;0.9999959468841553;0.35934510827064514;False;"EntryScorer; BaseModel"
1141;90;-84799.4523;304002.8438;90;0.9999469518661499;0.3218328356742859;False;"EntryScorer; BaseModel"
1142;90;-86723.4523;257663.6438;270;0.9999908208847046;0.26992249488830566;False;"EntryScorer; BaseModel"
1143;90;-86723.4523;264484.4438;90;0.9998811483383179;0.3068144917488098;False;"EntryScorer; BaseModel"
1144;90;-86723.4523;269604.4438;270;0.9999041557312012;0.36195480823516846;False;"EntryScorer; BaseModel"
1145;90;-86723.4523;270811.2438;270;0.005884465295821428;0.7813177704811096;True;"EntryScorer; BaseModel; AMBIGUOUS(review)"
1146;90;-86723.4523;275388.4438;90;0.999929666519165;0.3420620560646057;False;"EntryScorer; BaseModel"
1147;90;-86723.4523;280508.4438;270;0.9999983310699463;0.3066033720970154;False;"EntryScorer; BaseModel"
1148;90;-86723.4523;289662.8438;90;0.9999439716339111;0.30660438537597656;False;"EntryScorer; BaseModel"
1149;90;-86723.4523;294908.4438;270;0.9999959468841553;0.35934510827064514;False;"EntryScorer; BaseModel"
1150;90;-86723.4523;304002.8438;90;0.9999469518661499;0.3218328356742859;False;"EntryScorer; BaseModel"
1151;0;-95022.6513;258425.6438;180;0.9753485321998596;0.377941757440567;False;"EntryScorer; BaseModel"
1152;0;-95022.6513;260349.6438;180;0.9753485321998596;0.3227149546146393;False;"EntryScorer; BaseModel"
1153;0;-95022.6513;262273.6438;180;0.9753485321998596;0.3230278193950653;False;"EntryScorer; BaseModel"
1154;0;-95022.6513;264197.6438;180;0.9672890305519104;0.514502763748169;False;"EntryScorer; BaseModel"
1155;90;-77103.4523;257663.6438;270;0.9990321397781372;0.8743327260017395;True;"EntryScorer; BaseModel; AMBIGUOUS(review)"
1156;90;-77103.4523;269604.4438;270;0.9999936819076538;0.4222521483898163;False;"EntryScorer; BaseModel"
1157;90;-77103.4523;270783.4938;270;0.008942370302975178;0.8215967416763306;True;"EntryScorer; BaseModel; AMBIGUOUS(review)"
1158;90;-77103.4523;271962.5438;270;0.0008610828081145883;0.9702732563018799;True;"EntryScorer; BaseModel; AMBIGUOUS(review)"
1159;90;-77103.4523;274208.3938;90;0.015202478505671024;0.821747899055481;True;"EntryScorer; BaseModel; AMBIGUOUS(review)"
1160;90;-77103.4523;275387.4438;90;0.9999592304229736;0.4264724850654602;False;"EntryScorer; BaseModel"
1161;90;-77103.4523;289662.8438;90;0.9977116584777832;0.2728995978832245;False;"EntryScorer; BaseModel"
1162;90;-77103.4523;304002.8438;90;0.9989728927612305;0.2876657545566559;False;"EntryScorer; BaseModel"
1163;90;-46109.8515;257663.6438;270;0.9999464750289917;0.538850724697113;False;"EntryScorer; BaseModel"
1164;90;-46109.8515;269604.4438;270;0.9999970197677612;0.34358182549476624;False;"EntryScorer; BaseModel"
1165;90;-46109.8515;270811.2438;270;0.0008991726790554821;0.7805283069610596;True;"EntryScorer; BaseModel; AMBIGUOUS(review)"
1166;90;-46109.8515;275388.4438;90;0.9999943971633911;0.3420480489730835;False;"EntryScorer; BaseModel"
1167;90;-46109.8515;289662.8438;90;0.9997908473014832;0.2873993515968323;False;"EntryScorer; BaseModel"
1168;90;-46109.8515;304002.8438;90;0.999930739402771;0.391522079706192;False;"EntryScorer; BaseModel"
1169;90;-93138.8673;309122.8438;270;0.016738329082727432;0.9802184104919434;True;"EntryScorer; BaseModel; AMBIGUOUS(review)"
1170;90;-19285.8632;309192.8438;270;0.00023602665169164538;0.9823476076126099;True;"EntryScorer; BaseModel; AMBIGUOUS(review)"
1171;90;-95062.8673;309122.8438;270;0.9360091090202332;0.8219016194343567;True;"EntryScorer; BaseModel; AMBIGUOUS(review)"
1172;90;-24736.2507;257663.6438;270;0.9999995231628418;0.26989537477493286;False;"EntryScorer; BaseModel"
1173;90;-24736.2507;264484.4438;90;0.9999908208847046;0.3069041967391968;False;"EntryScorer; BaseModel"
1174;90;-24736.2507;269604.4438;270;0.9999957084655762;0.34232112765312195;False;"EntryScorer; BaseModel"
1175;90;-24736.2507;271878.0438;90;0.0004182751872576773;0.7600201368331909;True;"EntryScorer; BaseModel; AMBIGUOUS(review)"
1176;90;-24736.2507;275388.4438;90;0.9999951124191284;0.3421648442745209;False;"EntryScorer; BaseModel"
1177;90;-24736.2507;280508.4438;270;0.9999998807907104;0.3066006004810333;False;"EntryScorer; BaseModel"
1178;90;-24736.2507;289662.8438;90;0.9999959468841553;0.3066042363643646;False;"EntryScorer; BaseModel"
1179;90;-24736.2507;294908.4438;270;0.9999997615814209;0.3593149483203888;False;"EntryScorer; BaseModel"
1180;90;-24736.2507;304002.8438;90;0.9999961853027344;0.3218342959880829;False;"EntryScorer; BaseModel"
1181;0;-101335.4513;312469.8438;0;3.944578202208504e-05;0.9986639022827148;True;"EntryScorer; BaseModel; AMBIGUOUS(review)"
1182;0;-100198.6513;279212.9423;0;0.9911312460899353;0.6435382962226868;True;"EntryScorer; BaseModel; AMBIGUOUS(review)"
1183;90;-88647.4523;257663.6438;270;0.9999908208847046;0.26992249488830566;False;"EntryScorer; BaseModel"
1184;90;-88647.4523;264484.4438;90;0.9998811483383179;0.3068144917488098;False;"EntryScorer; BaseModel"
1185;90;-88647.4523;269604.4438;270;0.9999041557312012;0.36195480823516846;False;"EntryScorer; BaseModel"
1186;90;-88647.4523;270811.2438;270;0.005884465295821428;0.7813177704811096;True;"EntryScorer; BaseModel; AMBIGUOUS(review)"
1187;90;-88647.4523;275388.4438;90;0.999929666519165;0.3420620560646057;False;"EntryScorer; BaseModel"
1188;90;-88647.4523;280508.4438;270;0.9999983310699463;0.3066033720970154;False;"EntryScorer; BaseModel"
1189;90;-88647.4523;289662.8438;90;0.9999439716339111;0.30660438537597656;False;"EntryScorer; BaseModel"
1190;90;-88647.4523;294908.4438;270;0.9999959468841553;0.35934510827064514;False;"EntryScorer; BaseModel"
1191;90;-88647.4523;304002.8438;90;0.9999469518661499;0.3218328356742859;False;"EntryScorer; BaseModel"
1192;90;-90571.4523;257663.6438;270;0.9999908208847046;0.26992249488830566;False;"EntryScorer; BaseModel"
1193;90;-90571.4523;264484.4438;90;0.9998811483383179;0.3068144917488098;False;"EntryScorer; BaseModel"
1194;90;-90571.4523;269604.4438;270;0.9999041557312012;0.36195480823516846;False;"EntryScorer; BaseModel"
1195;90;-90571.4523;270811.2438;270;0.005884465295821428;0.7813177704811096;True;"EntryScorer; BaseModel; AMBIGUOUS(review)"
1196;90;-90571.4523;275388.4438;90;0.999929666519165;0.3420620560646057;False;"EntryScorer; BaseModel"
1197;90;-90571.4523;280508.4438;270;0.9999983310699463;0.3066033720970154;False;"EntryScorer; BaseModel"
1198;90;-90571.4523;289662.8438;90;0.9999439716339111;0.30660438537597656;False;"EntryScorer; BaseModel"
1199;90;-90571.4523;294908.4438;270;0.9999959468841553;0.35934510827064514;False;"EntryScorer; BaseModel"
1200;90;-90571.4523;304002.8438;90;0.9999469518661499;0.3218328356742859;False;"EntryScorer; BaseModel"
1201;0;-95022.6513;303240.8438;180;0.9735144972801208;0.35291212797164917;False;"EntryScorer; BaseModel"
1202;0;3012.5487;303240.8438;0;0.9856176972389221;0.30123797059059143;False;"EntryScorer; BaseModel"
1203;0;8188.1487;303240.8438;180;0.9844957590103149;0.8042917847633362;True;"EntryScorer; BaseModel; AMBIGUOUS(review)"
1204;0;-95022.6513;301316.8438;180;0.9735144972801208;0.3225288391113281;False;"EntryScorer; BaseModel"
1205;0;3012.5487;301316.8438;0;0.9856176972389221;0.2241837978363037;False;"EntryScorer; BaseModel"
1206;0;8188.1487;301316.8438;180;0.9635415077209473;0.9503342509269714;True;"EntryScorer; BaseModel; AMBIGUOUS(review)"
1207;0;-95022.6513;299392.8438;180;0.9735144972801208;0.3223060369491577;False;"EntryScorer; BaseModel"
1208;0;3012.5487;299392.8438;0;0.9856176972389221;0.2237243503332138;False;"EntryScorer; BaseModel"
1209;0;8188.1487;299392.8438;180;0.9635415077209473;0.9515675902366638;True;"EntryScorer; BaseModel; AMBIGUOUS(review)"
1210;0;-95022.6513;295544.8438;180;0.9743558764457703;0.35926541686058044;False;"EntryScorer; BaseModel"
1211;0;3012.5487;295544.8438;0;0.9859861135482788;0.31877657771110535;False;"EntryScorer; BaseModel"
1212;0;8188.1487;295544.8438;180;0.9850703477859497;0.801315426826477;True;"EntryScorer; BaseModel; AMBIGUOUS(review)"
1213;0;8188.1487;293620.8438;180;0.9999932050704956;0.36574190855026245;False;"EntryScorer; BaseModel"
1214;0;8188.1487;291696.8438;180;0.9999934434890747;0.39298075437545776;False;"EntryScorer; BaseModel"
1215;0;8188.1487;289772.8438;180;0.9999949932098389;0.5761156678199768;True;"EntryScorer; BaseModel; AMBIGUOUS(review)"
1216;0;8188.1487;287848.8438;180;0.9646742939949036;0.9396383166313171;True;"EntryScorer; BaseModel; AMBIGUOUS(review)"
1217;0;8188.1487;285924.8438;180;0.9634735584259033;0.950822651386261;True;"EntryScorer; BaseModel; AMBIGUOUS(review)"
1218;0;8188.1487;284000.8438;180;0.9634735584259033;0.9515196681022644;True;"EntryScorer; BaseModel; AMBIGUOUS(review)"
1219;0;8188.1487;282076.8438;180;0.9634735584259033;0.9515196681022644;True;"EntryScorer; BaseModel; AMBIGUOUS(review)"
1220;0;8188.1487;280152.8438;180;0.9642164707183838;0.952086865901947;True;"EntryScorer; BaseModel; AMBIGUOUS(review)"
1221;0;8188.1487;278228.8438;180;0.9642164707183838;0.952086865901947;True;"EntryScorer; BaseModel; AMBIGUOUS(review)"
1222;0;8188.1487;276304.8438;180;0.9642164707183838;0.952086865901947;True;"EntryScorer; BaseModel; AMBIGUOUS(review)"
1223;0;8188.1487;305164.8438;180;0.9999707937240601;0.4378865361213684;False;"EntryScorer; BaseModel"
1224;90;-61501.8515;257663.6438;270;0.9991061091423035;0.9054859280586243;True;"EntryScorer; BaseModel; AMBIGUOUS(review)"
1225;90;-61501.8515;269604.4438;270;0.999889612197876;0.3533092141151428;False;"EntryScorer; BaseModel"
1226;90;-61501.8515;270811.2438;270;0.004103181883692741;0.7811048626899719;True;"EntryScorer; BaseModel; AMBIGUOUS(review)"
1227;90;-61501.8515;275388.4438;90;0.9999297857284546;0.3420538306236267;False;"EntryScorer; BaseModel"
1228;90;-61501.8515;289662.8438;90;0.998117208480835;0.27386200428009033;False;"EntryScorer; BaseModel"
1229;90;-61501.8515;294908.4438;270;0.9993069171905518;0.3326819837093353;False;"EntryScorer; BaseModel"
1230;90;-61501.8515;304002.8438;90;0.999046266078949;0.28371283411979675;False;"EntryScorer; BaseModel"
1231;90;-30508.2507;257663.6438;270;0.9999650716781616;0.8705189824104309;True;"EntryScorer; BaseModel; AMBIGUOUS(review)"
1232;90;-30508.2507;269604.4438;270;0.9999980926513672;0.35412847995758057;False;"EntryScorer; BaseModel"
1233;90;-30508.2507;270811.2438;270;0.004702157806605101;0.7810323238372803;True;"EntryScorer; BaseModel; AMBIGUOUS(review)"
1234;90;-30508.2507;275388.4438;90;0.9999935626983643;0.3420807421207428;False;"EntryScorer; BaseModel"
1235;90;-30508.2507;289662.8438;90;0.9998960494995117;0.3125714063644409;False;"EntryScorer; BaseModel"
1236;90;-30508.2507;294908.4438;270;0.9998764991760254;0.326919823884964;False;"EntryScorer; BaseModel"
1237;90;-30508.2507;304002.8438;90;0.9999254941940308;0.2837883532047272;False;"EntryScorer; BaseModel"
1238;90;-26660.2507;257663.6438;270;0.999998927116394;0.26988402009010315;False;"EntryScorer; BaseModel"
1239;90;-26660.2507;264484.4438;90;0.9999927282333374;0.30662408471107483;False;"EntryScorer; BaseModel"
1240;90;-26660.2507;269604.4438;270;0.9999914169311523;0.34206488728523254;False;"EntryScorer; BaseModel"
1241;90;-26660.2507;270811.2438;270;5.000996316084638e-05;0.7803727984428406;True;"EntryScorer; BaseModel; AMBIGUOUS(review)"
1242;90;-26660.2507;275388.4438;90;0.9999960660934448;0.3420153558254242;False;"EntryScorer; BaseModel"
1243;90;-26660.2507;280508.4438;270;0.9999997615814209;0.3066004812717438;False;"EntryScorer; BaseModel"
1244;90;-26660.2507;289662.8438;90;0.9999967813491821;0.3066021502017975;False;"EntryScorer; BaseModel"
1245;90;-26660.2507;294908.4438;270;0.999710738658905;0.9601333141326904;True;"EntryScorer; BaseModel; AMBIGUOUS(review)"
1246;90;-32432.2507;257663.6438;270;0.9999997615814209;0.2699052393436432;False;"EntryScorer; BaseModel"
1247;90;-32432.2507;264484.4438;90;0.9999880790710449;0.30680060386657715;False;"EntryScorer; BaseModel"
1248;90;-32432.2507;269604.4438;270;0.9999980926513672;0.3529967665672302;False;"EntryScorer; BaseModel"
1249;90;-32432.2507;270811.2438;270;0.004359323997050524;0.7809861302375793;True;"EntryScorer; BaseModel; AMBIGUOUS(review)"
1250;90;-32432.2507;275388.4438;90;0.9999935626983643;0.34207770228385925;False;"EntryScorer; BaseModel"
1251;90;-32432.2507;280508.4438;270;0.9999561309814453;0.9584029912948608;True;"EntryScorer; BaseModel; AMBIGUOUS(review)"
1252;90;-32432.2507;294908.4438;270;0.9999998807907104;0.3593378961086273;False;"EntryScorer; BaseModel"
1253;90;-32432.2507;304002.8438;90;0.9999951124191284;0.3218415677547455;False;"EntryScorer; BaseModel"
1254;90;-74969.8515;257663.6438;270;0.999990701675415;0.2699216306209564;False;"EntryScorer; BaseModel"
1255;90;-74969.8515;264484.4438;90;0.9998811483383179;0.30680787563323975;False;"EntryScorer; BaseModel"
1256;90;-74969.8515;269603.4438;270;0.999995231628418;0.4346528947353363;False;"EntryScorer; BaseModel"
1257;90;-74969.8515;270782.4938;270;0.021194245666265488;0.8221958875656128;True;"EntryScorer; BaseModel; AMBIGUOUS(review)"
1258;90;-74969.8515;271961.5438;270;0.001130363205447793;0.9702642560005188;True;"EntryScorer; BaseModel; AMBIGUOUS(review)"
1259;90;-74969.8515;274207.3938;90;0.027919823303818703;0.8225778937339783;True;"EntryScorer; BaseModel; AMBIGUOUS(review)"
1260;90;-74969.8515;275386.4438;90;0.9999591112136841;0.43667086958885193;False;"EntryScorer; BaseModel"
1261;90;-74969.8515;280508.4438;270;0.9999983310699463;0.3066033720970154;False;"EntryScorer; BaseModel"
1262;90;-74969.8515;289662.8438;90;0.9999439716339111;0.3066042959690094;False;"EntryScorer; BaseModel"
1263;90;-74969.8515;294908.4438;270;0.9999959468841553;0.359344482421875;False;"EntryScorer; BaseModel"
1264;90;-74969.8515;304002.8438;90;0.9999468326568604;0.3218327760696411;False;"EntryScorer; BaseModel"
1265;90;-48033.8515;257663.6438;270;0.9999997615814209;0.26990261673927307;False;"EntryScorer; BaseModel"
1266;90;-48033.8515;264484.4438;90;0.9999881982803345;0.3067878782749176;False;"EntryScorer; BaseModel"
1267;90;-48033.8515;269604.4438;270;0.9999998807907104;0.4334176480770111;False;"EntryScorer; BaseModel"
1268;90;-48033.8515;270783.4938;270;0.0087531553581357;0.8216274976730347;True;"EntryScorer; BaseModel; AMBIGUOUS(review)"
1269;90;-48033.8515;271962.5438;270;0.0006685698172077537;0.9702473282814026;True;"EntryScorer; BaseModel; AMBIGUOUS(review)"
1270;90;-48033.8515;274208.3938;90;0.009629213251173496;0.8215985894203186;True;"EntryScorer; BaseModel; AMBIGUOUS(review)"
1271;90;-48033.8515;275387.4438;90;0.9999970197677612;0.42454928159713745;False;"EntryScorer; BaseModel"
1272;90;-48033.8515;280508.4438;270;1.0;0.30660226941108704;False;"EntryScorer; BaseModel"
1273;90;-48033.8515;289662.8438;90;0.9999948740005493;0.306609183549881;False;"EntryScorer; BaseModel"
1274;90;-48033.8515;294908.4438;270;0.9999998807907104;0.35933542251586914;False;"EntryScorer; BaseModel"
1275;90;-48033.8515;304002.8438;90;0.9999951124191284;0.32184121012687683;False;"EntryScorer; BaseModel"
1276;90;-43976.2507;257663.6438;270;0.9999996423721313;0.2698923647403717;False;"EntryScorer; BaseModel"
1277;90;-43976.2507;264484.4438;90;0.9999891519546509;0.30670952796936035;False;"EntryScorer; BaseModel"
1278;90;-43976.2507;269604.4438;270;0.9999998807907104;0.42047810554504395;False;"EntryScorer; BaseModel"
1279;90;-43976.2507;270783.4938;270;0.0031713589560240507;0.821137547492981;True;"EntryScorer; BaseModel; AMBIGUOUS(review)"
1280;90;-43976.2507;271962.5438;270;0.0003566794330254197;0.9702110886573792;True;"EntryScorer; BaseModel; AMBIGUOUS(review)"
1281;90;-43976.2507;274208.3938;90;0.0043511176481842995;0.8212970495223999;True;"EntryScorer; BaseModel; AMBIGUOUS(review)"
1282;90;-43976.2507;275387.4438;90;0.9999972581863403;0.4204590618610382;False;"EntryScorer; BaseModel"
1283;90;-43976.2507;280508.4438;270;1.0;0.3066011369228363;False;"EntryScorer; BaseModel"
1284;90;-43976.2507;289662.8438;90;0.999995231628418;0.3066074252128601;False;"EntryScorer; BaseModel"
1285;90;-43976.2507;294908.4438;270;0.9999998807907104;0.3593226671218872;False;"EntryScorer; BaseModel"
1286;90;-43976.2507;304002.8438;90;0.9999955892562866;0.32183828949928284;False;"EntryScorer; BaseModel"
1287;0;-95022.6513;297468.8438;180;0.9672890305519104;0.32241111993789673;False;"EntryScorer; BaseModel"
1288;0;3012.5487;297468.8438;0;0.9866721630096436;0.22439704835414886;False;"EntryScorer; BaseModel"
1289;0;8188.1487;297468.8438;180;0.9642164707183838;0.9505847096443176;True;"EntryScorer; BaseModel; AMBIGUOUS(review)"
1290;0;3012.5487;280920.8438;0;0.9849493503570557;0.2236448973417282;False;"EntryScorer; BaseModel"
1291;90;-22292.7397;207750.7814;270;0.9999638795852661;0.9640160202980042;True;"EntryScorer; BaseModel; AMBIGUOUS(review)"
1292;90;-68468.6666;207750.7814;270;0.9994239807128906;0.40202611684799194;False;"EntryScorer; BaseModel"
1293;90;-70697.4605;221469.3001;90;0.9984788298606873;0.4019760489463806;False;"EntryScorer; BaseModel"
1294;90;-16825.5458;169067.5608;90;0.9996541738510132;0.4146018624305725;False;"EntryScorer; BaseModel"
1295;90;-29988.7275;174822.3577;270;0.9999352693557739;0.922883927822113;True;"EntryScorer; BaseModel; AMBIGUOUS(review)"
1296;90;-29988.7275;191140.4514;270;0.9999352693557739;0.922883927822113;True;"EntryScorer; BaseModel; AMBIGUOUS(review)"
1297;90;-29988.7275;207750.7814;270;0.9999618530273438;0.4020538032054901;False;"EntryScorer; BaseModel"
1298;90;-29988.7275;227224.0971;270;0.9998819828033447;0.9706364274024963;True;"EntryScorer; BaseModel; AMBIGUOUS(review)"
1299;90;-29988.7275;245006.8423;270;0.9150756001472473;0.9563998579978943;True;"EntryScorer; BaseModel; AMBIGUOUS(review)"
1300;90;-45380.7031;174822.3577;270;0.9999345541000366;0.9180368185043335;True;"EntryScorer; BaseModel; AMBIGUOUS(review)"
1301;90;-45380.7031;191140.4514;270;0.9999345541000366;0.9180368185043335;True;"EntryScorer; BaseModel; AMBIGUOUS(review)"
1302;90;-45380.7031;207750.7814;270;0.9999614953994751;0.42935866117477417;False;"EntryScorer; BaseModel"
1303;90;-45380.7031;227224.0971;270;0.9998807907104492;0.970542311668396;True;"EntryScorer; BaseModel; AMBIGUOUS(review)"
1304;90;-45380.7031;245006.8423;270;0.9141294956207275;0.9564024806022644;True;"EntryScorer; BaseModel; AMBIGUOUS(review)"
1305;90;-60772.6787;174822.3577;270;0.999422550201416;0.9290921688079834;True;"EntryScorer; BaseModel; AMBIGUOUS(review)"
1306;90;-60772.6787;191140.4514;270;0.999422550201416;0.9290921688079834;True;"EntryScorer; BaseModel; AMBIGUOUS(review)"
1307;90;-60772.6787;207750.7814;270;0.9994620680809021;0.42494094371795654;False;"EntryScorer; BaseModel"
1308;90;-60772.6787;227224.0971;270;0.9993011951446533;0.972124457359314;True;"EntryScorer; BaseModel; AMBIGUOUS(review)"
1309;90;-60772.6787;245006.8423;270;0.8494263887405396;0.9566159248352051;True;"EntryScorer; BaseModel; AMBIGUOUS(review)"
1310;90;-76164.6544;174822.3577;270;0.9994158744812012;0.7233834266662598;True;"EntryScorer; BaseModel; AMBIGUOUS(review)"
1311;90;-76164.6544;191140.4514;270;0.9994158744812012;0.7233834266662598;True;"EntryScorer; BaseModel; AMBIGUOUS(review)"
1312;90;-76164.6544;207750.7814;270;0.9992978572845459;0.4020177125930786;False;"EntryScorer; BaseModel"
1313;90;-76164.6544;227224.0971;270;0.9993815422058105;0.9686130881309509;True;"EntryScorer; BaseModel; AMBIGUOUS(review)"
1314;90;-76164.6544;245006.8423;270;0.7445666193962097;0.9567010402679443;True;"EntryScorer; BaseModel; AMBIGUOUS(review)"
1315;90;-78393.4483;169067.5608;90;0.9999033212661743;0.44637995958328247;False;"EntryScorer; BaseModel"
1316;90;-78393.4483;185385.6545;90;0.9999574422836304;0.4463770091533661;False;"EntryScorer; BaseModel"
1317;90;-78393.4483;201995.9845;90;0.9988259673118591;0.40205109119415283;False;"EntryScorer; BaseModel"
1318;90;-78393.4483;221469.3001;90;0.9982991814613342;0.40199014544487;False;"EntryScorer; BaseModel"
1319;90;-78393.4483;239252.0453;90;0.9999363422393799;0.4463675320148468;False;"EntryScorer; BaseModel"
1320;90;-78393.4483;250998.0331;90;0.8466845154762268;0.9593721628189087;True;"EntryScorer; BaseModel; AMBIGUOUS(review)"
1321;90;-63001.4726;169067.5608;90;0.9988700747489929;0.4130316376686096;False;"EntryScorer; BaseModel"
1322;90;-63001.4726;185385.6545;90;0.9999594688415527;0.4463697075843811;False;"EntryScorer; BaseModel"
1323;90;-63001.4726;201995.9845;90;0.9988700747489929;0.40200936794281006;False;"EntryScorer; BaseModel"
1324;90;-63001.4726;221469.3001;90;0.9984647035598755;0.401975154876709;False;"EntryScorer; BaseModel"
1325;90;-63001.4726;239252.0453;90;0.9999409914016724;0.44636738300323486;False;"EntryScorer; BaseModel"
1326;90;-63001.4726;250998.0331;90;0.37424710392951965;0.992705762386322;True;"EntryScorer; BaseModel; AMBIGUOUS(review)"
1327;90;-32217.5214;169067.5608;90;0.9999277591705322;0.5187218189239502;False;"EntryScorer; BaseModel"
1328;90;-32217.5214;185385.6545;90;0.9999277591705322;0.40207865834236145;False;"EntryScorer; BaseModel"
1329;90;-32217.5214;196204.7936;270;0.002995840972289443;0.9907624125480652;True;"EntryScorer; BaseModel; AMBIGUOUS(review)"
1330;90;-32217.5214;200471.9875;90;0.001055984408594668;0.9118202924728394;True;"EntryScorer; BaseModel; AMBIGUOUS(review)"
1331;90;-32217.5214;201995.9845;90;0.9999911785125732;0.48834460973739624;False;"EntryScorer; BaseModel"
1332;90;-32217.5214;221469.3001;90;0.999914288520813;0.9583190083503723;True;"EntryScorer; BaseModel; AMBIGUOUS(review)"
1333;90;-32217.5214;239252.0453;90;0.9999978542327881;0.446372926235199;False;"EntryScorer; BaseModel"
1334;90;-32217.5214;250998.0331;90;0.5705284476280212;0.9920891523361206;True;"EntryScorer; BaseModel; AMBIGUOUS(review)"
1335;90;-47609.497;169067.5608;90;0.9999275207519531;0.5250755548477173;False;"EntryScorer; BaseModel"
1336;90;-47609.497;185385.6545;90;0.9999971389770508;0.44637370109558105;False;"EntryScorer; BaseModel"
1337;90;-47609.497;201995.9845;90;0.9999275207519531;0.4020750820636749;False;"EntryScorer; BaseModel"
1338;90;-47609.497;221469.3001;90;0.9999145269393921;0.4020593464374542;False;"EntryScorer; BaseModel"
1339;90;-47609.497;239252.0453;90;0.9999978542327881;0.44637301564216614;False;"EntryScorer; BaseModel"
1340;90;-47609.497;250998.0331;90;0.5978193879127502;0.9919840693473816;True;"EntryScorer; BaseModel; AMBIGUOUS(review)"
1341;90;-30700.0336;69681.1875;270;0.9996833801269531;0.34763357043266296;False;"EntryScorer; BaseModel"
1342;90;-38396.0214;69681.1875;270;0.9996857643127441;0.3498125970363617;False;"EntryScorer; BaseModel"
1343;90;-46092.0092;69681.1875;270;0.9996461868286133;0.33909735083580017;False;"EntryScorer; BaseModel"
1344;90;-53787.997;69681.1875;270;0.9990000128746033;0.3535413146018982;False;"EntryScorer; BaseModel"
1345;90;-61483.9848;69681.1875;270;0.9989731311798096;0.35114750266075134;False;"EntryScorer; BaseModel"
1346;90;-76875.9605;69681.1875;270;0.9987534284591675;0.3441554605960846;False;"EntryScorer; BaseModel"
1347;90;-74951.9635;38672.0027;270;0.9999990463256836;0.46749526262283325;False;"EntryScorer; BaseModel"
1348;90;-74951.9635;54989.9813;270;0.9999966621398926;0.40020960569381714;False;"EntryScorer; BaseModel"
1349;90;-59559.9879;38672.0027;270;0.999998927116394;0.4674949645996094;False;"EntryScorer; BaseModel"
1350;90;-59559.9879;54989.9813;270;0.9999963045120239;0.4002090394496918;False;"EntryScorer; BaseModel"
1351;90;-44168.0123;38672.0027;270;0.9999998807907104;0.4674937129020691;False;"EntryScorer; BaseModel"
1352;90;-44168.0123;54989.9813;270;0.9999995231628418;0.400206983089447;False;"EntryScorer; BaseModel"
1353;90;-28776.0367;38672.0027;270;0.9999998807907104;0.4674949645996094;False;"EntryScorer; BaseModel"
1354;90;-28776.0367;54989.9813;270;0.9999996423721313;0.40020811557769775;False;"EntryScorer; BaseModel"
1355;90;-31004.8306;49235.1844;90;0.9996893405914307;0.4482554793357849;False;"EntryScorer; BaseModel"
1356;90;-31004.8306;64029.1661;90;0.9996472597122192;0.42458173632621765;False;"EntryScorer; BaseModel"
1357;90;-46396.8062;49235.1844;90;0.9997240900993347;0.4482364356517792;False;"EntryScorer; BaseModel"
1358;90;-46396.8062;64029.1661;90;0.9996858835220337;0.42450425028800964;False;"EntryScorer; BaseModel"
1359;90;-61788.7818;49235.1844;90;0.9985371828079224;0.44813382625579834;False;"EntryScorer; BaseModel"
1360;90;-61788.7818;64029.1661;90;0.9989758729934692;0.424330472946167;False;"EntryScorer; BaseModel"
1361;90;-77180.7574;49235.1844;90;0.9985479712486267;0.4481349587440491;False;"EntryScorer; BaseModel"
1362;90;-77180.7574;64029.1661;90;0.9989884495735168;0.4243317246437073;False;"EntryScorer; BaseModel"
1363;90;-63867.0513;-26424.5562;90;0.7885161638259888;0.6114049553871155;True;"EntryScorer; BaseModel; AMBIGUOUS(review)"
1364;90;-65791.0513;-26424.5562;90;0.7868793606758118;0.6115009784698486;True;"EntryScorer; BaseModel; AMBIGUOUS(review)"
1365;90;-67715.0513;-26424.5562;90;0.7862138748168945;0.6116241812705994;True;"EntryScorer; BaseModel; AMBIGUOUS(review)"
1366;90;-69639.0513;-26424.5562;90;0.7867156863212585;0.6117806434631348;True;"EntryScorer; BaseModel; AMBIGUOUS(review)"
1367;90;-71563.0513;-26424.5562;90;0.7869804501533508;0.6119299530982971;True;"EntryScorer; BaseModel; AMBIGUOUS(review)"
1368;90;-73487.0513;-26424.5562;90;0.7867912650108337;0.6120669841766357;True;"EntryScorer; BaseModel; AMBIGUOUS(review)"
1369;90;-75411.0513;-26424.5562;90;0.7866426110267639;0.612204909324646;True;"EntryScorer; BaseModel; AMBIGUOUS(review)"
1370;90;-77335.0513;-26424.5562;90;0.7881782054901123;0.6123904585838318;True;"EntryScorer; BaseModel; AMBIGUOUS(review)"
1371;90;-79259.0513;-26424.5562;90;0.748832106590271;0.6110525131225586;True;"EntryScorer; BaseModel; AMBIGUOUS(review)"
1372;90;-81183.0513;-26424.5562;90;0.7958027124404907;0.61288982629776;True;"EntryScorer; BaseModel; AMBIGUOUS(review)"
1373;90;-83107.0513;-26424.5562;90;0.7957661151885986;0.6130307912826538;True;"EntryScorer; BaseModel; AMBIGUOUS(review)"
1374;90;-85031.0513;-26424.5562;90;0.795729398727417;0.6131719350814819;True;"EntryScorer; BaseModel; AMBIGUOUS(review)"
1375;90;-86955.0513;-26424.5562;90;0.7956927418708801;0.6133127808570862;True;"EntryScorer; BaseModel; AMBIGUOUS(review)"
1376;90;-88879.0513;-26424.5562;90;0.7956559062004089;0.6134538054466248;True;"EntryScorer; BaseModel; AMBIGUOUS(review)"
1377;90;-90803.0513;-26424.5562;90;0.7956191897392273;0.6135944724082947;True;"EntryScorer; BaseModel; AMBIGUOUS(review)"
1378;90;-33387.0513;-26424.5562;90;0.9598309993743896;0.6133428812026978;True;"EntryScorer; BaseModel; AMBIGUOUS(review)"
1379;90;-35311.051;-26424.5562;90;0.9593138694763184;0.6134796142578125;True;"EntryScorer; BaseModel; AMBIGUOUS(review)"
1380;90;-37235.0513;-26424.5562;90;0.9594386219978333;0.6136226058006287;True;"EntryScorer; BaseModel; AMBIGUOUS(review)"
1381;90;-39159.0513;-26424.5562;90;0.9591299295425415;0.6137615442276001;True;"EntryScorer; BaseModel; AMBIGUOUS(review)"
1382;90;-41083.0513;-26424.5562;90;0.9594138264656067;0.61390620470047;True;"EntryScorer; BaseModel; AMBIGUOUS(review)"
1383;90;-43007.0513;-26424.5562;90;0.9594013094902039;0.6140477061271667;True;"EntryScorer; BaseModel; AMBIGUOUS(review)"
1384;90;-44931.0513;-26424.5562;90;0.9692299962043762;0.6142832636833191;True;"EntryScorer; BaseModel; AMBIGUOUS(review)"
1385;90;-46855.0513;-26424.5562;90;0.9402750134468079;0.6141486763954163;True;"EntryScorer; BaseModel; AMBIGUOUS(review)"
1386;90;-48779.0513;-26424.5562;90;0.9692884683609009;0.6145673990249634;True;"EntryScorer; BaseModel; AMBIGUOUS(review)"
1387;90;-50703.0513;-26424.5562;90;0.8037317991256714;0.6108619570732117;True;"EntryScorer; BaseModel; AMBIGUOUS(review)"
1388;90;-52627.0513;-26424.5562;90;0.8035233020782471;0.6109985709190369;True;"EntryScorer; BaseModel; AMBIGUOUS(review)"
1389;90;-54551.0513;-26424.5562;90;0.8034876585006714;0.6111395955085754;True;"EntryScorer; BaseModel; AMBIGUOUS(review)"
1390;90;-56475.0513;-26424.5562;90;0.8034519553184509;0.6112809777259827;True;"EntryScorer; BaseModel; AMBIGUOUS(review)"
1391;90;-58399.0513;-26424.5562;90;0.8034882545471191;0.6114240884780884;True;"EntryScorer; BaseModel; AMBIGUOUS(review)"
1392;90;-60323.0513;-26424.5562;90;0.7744941115379333;0.6107462048530579;True;"EntryScorer; BaseModel; AMBIGUOUS(review)"
1393;90;-24071.0513;-26424.5562;90;0.9719460606575012;0.5706055164337158;True;"EntryScorer; BaseModel; AMBIGUOUS(review)"
1394;90;-25995.0513;-26424.5562;90;0.940926194190979;0.5690264701843262;True;"EntryScorer; BaseModel; AMBIGUOUS(review)"
1395;90;-27919.0513;-26424.5562;90;0.9793162941932678;0.5713443756103516;True;"EntryScorer; BaseModel; AMBIGUOUS(review)"
1396;90;-29843.0513;-26424.5562;90;0.9795057773590088;0.5715179443359375;True;"EntryScorer; BaseModel; AMBIGUOUS(review)"
1397;0;-93707.0513;-4461.2743;180;0.5694540143013;0.25670528411865234;False;"EntryScorer; BaseModel"
1398;0;-93707.0513;-2537.2743;180;0.5694540143013;0.7522573471069336;True;"EntryScorer; BaseModel; AMBIGUOUS(review)"
1399;0;-93707.0513;-6391.2785;180;0.5676010251045227;0.3708057403564453;False;"EntryScorer; BaseModel"
1400;0;-93599.4513;-20449.5562;180;0.5675027966499329;0.4607715606689453;False;"EntryScorer; BaseModel"
1401;0;-93599.4513;-18525.5562;180;0.5675027966499329;0.29591765999794006;False;"EntryScorer; BaseModel"
1402;0;-93599.4513;-16601.5562;180;0.5675027966499329;0.29591765999794006;False;"EntryScorer; BaseModel"
1403;0;-93599.4513;-14677.5562;180;0.5661898255348206;0.7037649154663086;True;"EntryScorer; BaseModel; AMBIGUOUS(review)"
1404;90;-78689.8513;-21211.5562;270;0.9999531507492065;0.4151151180267334;False;"EntryScorer; BaseModel"
1405;90;-78689.8513;-14390.7562;90;0.9998270869255066;0.4037517011165619;False;"EntryScorer; BaseModel"
1406;90;-78689.8513;-9135.5562;270;0.9999483823776245;0.2716372609138489;False;"EntryScorer; BaseModel"
1407;90;-78689.8513;-2224.7562;90;0.999840497970581;0.3439514935016632;False;"EntryScorer; BaseModel"
1408;90;-76765.8513;-21211.5562;270;0.9999023675918579;0.41511157155036926;False;"EntryScorer; BaseModel"
1409;90;-76765.8513;-15597.5562;90;0.9699910879135132;0.8480424880981445;True;"EntryScorer; BaseModel; AMBIGUOUS(review)"
1410;90;-76765.8513;-9135.5562;270;0.9996649026870728;0.23752500116825104;False;"EntryScorer; BaseModel"
1411;90;-76765.8513;-2224.7562;90;0.9988189339637756;0.30433472990989685;False;"EntryScorer; BaseModel"
1412;90;-74841.8513;-21211.5562;270;0.998492956161499;0.97053062915802;True;"EntryScorer; BaseModel; AMBIGUOUS(review)"
1413;90;-74841.8513;-9135.5562;270;0.9999654293060303;0.27165088057518005;False;"EntryScorer; BaseModel"
1414;90;-74841.8513;-2224.7562;90;0.9998874664306641;0.34395691752433777;False;"EntryScorer; BaseModel"
1415;90;-72917.8513;-21211.5562;270;0.9999692440032959;0.41512736678123474;False;"EntryScorer; BaseModel"
1416;90;-72917.8513;-14390.7562;90;0.9998788833618164;0.40375789999961853;False;"EntryScorer; BaseModel"
1417;90;-72917.8513;-9135.5562;270;0.9999654293060303;0.27165064215660095;False;"EntryScorer; BaseModel"
1418;90;-72917.8513;-2224.7562;90;0.9998874664306641;0.34395691752433777;False;"EntryScorer; BaseModel"
1419;90;-70993.8513;-21211.5562;270;0.9999692440032959;0.41512730717658997;False;"EntryScorer; BaseModel"
1420;90;-70993.8513;-14390.7562;90;0.9998787641525269;0.40375789999961853;False;"EntryScorer; BaseModel"
1421;90;-70993.8513;-9135.5562;270;0.9999653100967407;0.2716507315635681;False;"EntryScorer; BaseModel"
1422;90;-70993.8513;-2224.7562;90;0.9998873472213745;0.3439567983150482;False;"EntryScorer; BaseModel"
1423;90;-69069.8513;-21211.5562;270;0.9999693632125854;0.4151275157928467;False;"EntryScorer; BaseModel"
1424;90;-69069.8513;-14390.7562;90;0.999879002571106;0.40375784039497375;False;"EntryScorer; BaseModel"
1425;90;-69069.8513;-9135.5562;270;0.9999654293060303;0.27165088057518005;False;"EntryScorer; BaseModel"
1426;90;-69069.8513;-2224.7562;90;0.9998875856399536;0.34395691752433777;False;"EntryScorer; BaseModel"
1427;90;-67145.8513;-21211.5562;270;0.999969482421875;0.415127694606781;False;"EntryScorer; BaseModel"
1428;90;-67145.8513;-14390.7562;90;0.9998794794082642;0.40375781059265137;False;"EntryScorer; BaseModel"
1429;90;-67145.8513;-9135.5562;270;0.9982638955116272;0.9519319534301758;True;"EntryScorer; BaseModel; AMBIGUOUS(review)"
1430;90;-65221.8513;-21211.5562;270;0.9999692440032959;0.41512736678123474;False;"EntryScorer; BaseModel"
1431;90;-65221.8513;-14390.7562;90;0.9998788833618164;0.40375789999961853;False;"EntryScorer; BaseModel"
1432;90;-65221.8513;-9135.5562;270;0.9999654293060303;0.27165088057518005;False;"EntryScorer; BaseModel"
1433;90;-65221.8513;-2224.7562;90;0.9998874664306641;0.34395691752433777;False;"EntryScorer; BaseModel"
1434;90;-61164.2513;-21211.5562;270;0.999941349029541;0.4151284098625183;False;"EntryScorer; BaseModel"
1435;90;-61164.2513;-15597.5562;90;0.9851765632629395;0.8482944965362549;True;"EntryScorer; BaseModel; AMBIGUOUS(review)"
1436;90;-61164.2513;-9135.5562;270;0.9997038245201111;0.2377088963985443;False;"EntryScorer; BaseModel"
1437;90;-61164.2513;-2224.7562;90;0.9991581439971924;0.3043624758720398;False;"EntryScorer; BaseModel"
1438;90;-59240.2513;-21211.5562;270;0.9999690055847168;0.4151272773742676;False;"EntryScorer; BaseModel"
1439;90;-59240.2513;-14390.7562;90;0.9998784065246582;0.40375784039497375;False;"EntryScorer; BaseModel"
1440;90;-59240.2513;-9135.5562;270;0.9999651908874512;0.2716505527496338;False;"EntryScorer; BaseModel"
1441;90;-59240.2513;-2224.7562;90;0.9998869895935059;0.343956857919693;False;"EntryScorer; BaseModel"
1442;90;-57316.2513;-21211.5562;270;0.9999687671661377;0.4151269495487213;False;"EntryScorer; BaseModel"
1443;90;-57316.2513;-14390.7562;90;0.9998778104782104;0.40375763177871704;False;"EntryScorer; BaseModel"
1444;90;-57316.2513;-9135.5562;270;0.9999648332595825;0.27164992690086365;False;"EntryScorer; BaseModel"
1445;90;-57316.2513;-2224.7562;90;0.9998863935470581;0.3439566195011139;False;"EntryScorer; BaseModel"
1446;90;-55392.2513;-21211.5562;270;0.9999687671661377;0.4151269495487213;False;"EntryScorer; BaseModel"
1447;90;-55392.2513;-14390.7562;90;0.9998778104782104;0.40375763177871704;False;"EntryScorer; BaseModel"
1448;90;-55392.2513;-9135.5562;270;0.9999648332595825;0.27164992690086365;False;"EntryScorer; BaseModel"
1449;90;-55392.2513;-2224.7562;90;0.9998863935470581;0.3439566195011139;False;"EntryScorer; BaseModel"
1450;90;-53468.2513;-21211.5562;270;0.9999690055847168;0.4151272773742676;False;"EntryScorer; BaseModel"
1451;90;-53468.2513;-14390.7562;90;0.9998784065246582;0.40375784039497375;False;"EntryScorer; BaseModel"
1452;90;-53468.2513;-9135.5562;270;0.9999650716781616;0.2716505527496338;False;"EntryScorer; BaseModel"
1453;90;-53468.2513;-2224.7562;90;0.9998869895935059;0.343956857919693;False;"EntryScorer; BaseModel"
1454;90;-51544.2513;-21211.5562;270;0.9999687671661377;0.4151269495487213;False;"EntryScorer; BaseModel"
1455;90;-51544.2513;-14390.7562;90;0.9998778104782104;0.40375763177871704;False;"EntryScorer; BaseModel"
1456;90;-51544.2513;-9135.5562;270;0.9999648332595825;0.27164992690086365;False;"EntryScorer; BaseModel"
1457;90;-51544.2513;-2224.7562;90;0.9998863935470581;0.3439566195011139;False;"EntryScorer; BaseModel"
1458;90;-49620.2513;-21211.5562;270;0.9999687671661377;0.4151269495487213;False;"EntryScorer; BaseModel"
1459;90;-49620.2513;-14390.7562;90;0.9998778104782104;0.40375763177871704;False;"EntryScorer; BaseModel"
1460;90;-49620.2513;-9135.5562;270;0.9999648332595825;0.27164992690086365;False;"EntryScorer; BaseModel"
1461;90;-49620.2513;-2224.7562;90;0.9998863935470581;0.3439566195011139;False;"EntryScorer; BaseModel"
1462;90;-47696.2513;-21211.5562;270;0.9999958276748657;0.41512709856033325;False;"EntryScorer; BaseModel"
1463;90;-47696.2513;-14390.7562;90;0.9999570846557617;0.4038116931915283;False;"EntryScorer; BaseModel"
1464;90;-47696.2513;-9135.5562;270;0.9999951124191284;0.2716538906097412;False;"EntryScorer; BaseModel"
1465;90;-47696.2513;-2224.7562;90;0.9999580383300781;0.34400948882102966;False;"EntryScorer; BaseModel"
1466;90;-45772.2513;-21211.5562;270;0.9999873638153076;0.4151167571544647;False;"EntryScorer; BaseModel"
1467;90;-45772.2513;-15597.5562;90;0.9888206124305725;0.8483834862709045;True;"EntryScorer; BaseModel; AMBIGUOUS(review)"
1468;90;-45772.2513;-9135.5562;270;0.9994780421257019;0.23762421309947968;False;"EntryScorer; BaseModel"
1469;90;-45772.2513;-2154.7562;90;0.9996652603149414;0.27722272276878357;False;"EntryScorer; BaseModel"
1470;90;-41924.2513;-21211.5562;270;0.9999958276748657;0.41512611508369446;False;"EntryScorer; BaseModel"
1471;90;-41924.2513;-14390.7562;90;0.9999573230743408;0.4038099944591522;False;"EntryScorer; BaseModel"
1472;90;-41924.2513;-9135.5562;270;0.9999949932098389;0.271652489900589;False;"EntryScorer; BaseModel"
1473;90;-41924.2513;-2224.7562;90;0.9999582767486572;0.34400853514671326;False;"EntryScorer; BaseModel"
1474;90;-40000.2513;-21211.5562;270;0.9999958276748657;0.41512611508369446;False;"EntryScorer; BaseModel"
1475;90;-40000.2513;-14390.7562;90;0.9999573230743408;0.4038099944591522;False;"EntryScorer; BaseModel"
1476;90;-40000.2513;-9135.5562;270;0.9999949932098389;0.271652489900589;False;"EntryScorer; BaseModel"
1477;90;-40000.2513;-2224.7562;90;0.9999582767486572;0.34400853514671326;False;"EntryScorer; BaseModel"
1478;90;-36152.2513;-21211.5562;270;0.9999958276748657;0.41512611508369446;False;"EntryScorer; BaseModel"
1479;90;-36152.2513;-14390.7562;90;0.9999573230743408;0.4038099944591522;False;"EntryScorer; BaseModel"
1480;90;-36152.2513;-9135.5562;270;0.9999949932098389;0.271652489900589;False;"EntryScorer; BaseModel"
1481;90;-36152.2513;-2224.7562;90;0.9999582767486572;0.34400853514671326;False;"EntryScorer; BaseModel"
1482;90;-28246.6513;-21211.5562;270;0.9999955892562866;0.41512373089790344;False;"EntryScorer; BaseModel"
1483;90;-28246.6513;-14390.7562;90;0.9999579191207886;0.4038075804710388;False;"EntryScorer; BaseModel"
1484;90;-28246.6513;-9135.5562;270;0.9999947547912598;0.2716493606567383;False;"EntryScorer; BaseModel"
1485;90;-28246.6513;-2224.7562;90;0.999958872795105;0.3440059721469879;False;"EntryScorer; BaseModel"
1486;90;-26322.6513;-21211.5562;270;0.9999850988388062;0.4151041805744171;False;"EntryScorer; BaseModel"
1487;90;-26322.6513;-14390.7562;90;0.9999710321426392;0.4037656784057617;False;"EntryScorer; BaseModel"
1488;90;-26322.6513;-9135.5562;270;0.9999821186065674;0.2716253399848938;False;"EntryScorer; BaseModel"
1489;90;-26322.6513;-2224.7562;90;0.9999717473983765;0.3439640402793884;False;"EntryScorer; BaseModel"
1490;90;-24398.6513;-21211.5562;270;0.9999922513961792;0.41511163115501404;False;"EntryScorer; BaseModel"
1491;90;-24398.6513;-14390.7562;90;0.9999645948410034;0.40378907322883606;False;"EntryScorer; BaseModel"
1492;90;-24398.6513;-9135.5562;270;0.9999908208847046;0.271631121635437;False;"EntryScorer; BaseModel"
1493;90;-24398.6513;-2224.7562;90;0.9999653100967407;0.34398362040519714;False;"EntryScorer; BaseModel"
1494;90;-90233.8513;-21211.5562;270;0.9999655485153198;0.4151253402233124;False;"EntryScorer; BaseModel"
1495;90;-90233.8513;-14390.7562;90;0.9998675584793091;0.4037567377090454;False;"EntryScorer; BaseModel"
1496;90;-90233.8513;-9135.5562;270;0.9999608993530273;0.2716459631919861;False;"EntryScorer; BaseModel"
1497;90;-90233.8513;-2224.7562;90;0.9998849630355835;0.28536757826805115;False;"EntryScorer; BaseModel"
1498;90;-88309.8513;-21211.5562;270;0.9999655485153198;0.4151231646537781;False;"EntryScorer; BaseModel"
1499;90;-88309.8513;-14390.7562;90;0.9998675584793091;0.40375611186027527;False;"EntryScorer; BaseModel"
1500;90;-88309.8513;-9135.5562;270;0.9999608993530273;0.2716459631919861;False;"EntryScorer; BaseModel"
1501;90;-88309.8513;-2224.7562;90;0.9998849630355835;0.28536757826805115;False;"EntryScorer; BaseModel"
1502;90;-86385.8513;-21211.5562;270;0.9999655485153198;0.4151231646537781;False;"EntryScorer; BaseModel"
1503;90;-86385.8513;-14390.7562;90;0.9998675584793091;0.40375611186027527;False;"EntryScorer; BaseModel"
1504;90;-86385.8513;-9135.5562;270;0.9999608993530273;0.2716459631919861;False;"EntryScorer; BaseModel"
1505;90;-86385.8513;-2224.7562;90;0.9998849630355835;0.28536757826805115;False;"EntryScorer; BaseModel"
1506;90;-84461.8513;-21211.5562;270;0.9999655485153198;0.4151231646537781;False;"EntryScorer; BaseModel"
1507;90;-84461.8513;-14390.7562;90;0.9998675584793091;0.40375611186027527;False;"EntryScorer; BaseModel"
1508;90;-84461.8513;-9135.5562;270;0.9999608993530273;0.2716459631919861;False;"EntryScorer; BaseModel"
1509;90;-84461.8513;-2224.7562;90;0.9998849630355835;0.28536757826805115;False;"EntryScorer; BaseModel"
1510;90;-82537.8513;-21211.5562;270;0.9999655485153198;0.4151231646537781;False;"EntryScorer; BaseModel"
1511;90;-82537.8513;-14390.7562;90;0.9998675584793091;0.40375611186027527;False;"EntryScorer; BaseModel"
1512;90;-82537.8513;-9135.5562;270;0.9999608993530273;0.2716459631919861;False;"EntryScorer; BaseModel"
1513;90;-82537.8513;-2224.7562;90;0.9998849630355835;0.28536757826805115;False;"EntryScorer; BaseModel"
1514;90;-80613.8513;-21211.5562;270;0.9999655485153198;0.4151231646537781;False;"EntryScorer; BaseModel"
1515;90;-80613.8513;-14390.7562;90;0.9998675584793091;0.40375611186027527;False;"EntryScorer; BaseModel"
1516;90;-80613.8513;-9135.5562;270;0.9999608993530273;0.2716459631919861;False;"EntryScorer; BaseModel"
1517;90;-80613.8513;-2224.7562;90;0.9998778104782104;0.34395530819892883;False;"EntryScorer; BaseModel"
1518;0;-93707.0513;-8321.2827;180;0.5694835782051086;0.5818092823028564;True;"EntryScorer; BaseModel; AMBIGUOUS(review)"
1519;0;-98530.9966;-27844.8562;0;0.4365082085132599;0.9462482333183289;True;"EntryScorer; BaseModel; AMBIGUOUS(review)"
1520;0;-98530.9966;-25920.8562;0;0.991999626159668;0.6028157472610474;True;"EntryScorer; BaseModel; AMBIGUOUS(review)"
1521;0;-98530.9966;-23996.8562;0;0.998645007610321;0.49602535367012024;False;"EntryScorer; BaseModel"
1522;0;-98530.9966;-22072.8562;0;0.9992948770523071;0.4960266351699829;False;"EntryScorer; BaseModel"
1523;0;-98530.9966;-20148.8562;0;0.9993020296096802;0.4960266351699829;False;"EntryScorer; BaseModel"
1524;0;-98530.9966;-18224.8562;0;0.9993020296096802;0.4960266351699829;False;"EntryScorer; BaseModel"
1525;0;-98530.9966;-16300.8562;0;0.9993020296096802;0.4960266351699829;False;"EntryScorer; BaseModel"
1526;0;-98530.9966;-14376.8562;0;0.9993020296096802;0.4960266351699829;False;"EntryScorer; BaseModel"
1527;0;-98530.9966;-12452.8562;0;0.9992948770523071;0.4960266351699829;False;"EntryScorer; BaseModel"
1528;0;-98530.9966;-10528.8562;0;0.9992948770523071;0.4960266351699829;False;"EntryScorer; BaseModel"
1529;0;-98530.9966;-8604.8562;0;0.999301552772522;0.49602657556533813;False;"EntryScorer; BaseModel"
1530;0;-98530.9966;-6680.8562;0;0.9993016719818115;0.49602651596069336;False;"EntryScorer; BaseModel"
1531;0;-98530.9966;-4756.8562;0;0.9993019104003906;0.4960266351699829;False;"EntryScorer; BaseModel"
1532;0;-98530.9966;-2832.8562;0;0.9993019104003906;0.4960266351699829;False;"EntryScorer; BaseModel"
1533;0;-98530.9966;-908.8562;0;0.9992948770523071;0.4960266351699829;False;"EntryScorer; BaseModel"
1534;0;-98530.9966;1015.1438;0;0.9992948770523071;0.4960266351699829;False;"EntryScorer; BaseModel"
1535;90;-93792.2513;-28698.1562;90;0.4593052566051483;0.9807925820350647;True;"EntryScorer; BaseModel; AMBIGUOUS(review)"
1536;90;-22147.0513;-26424.5562;90;0.9810422658920288;0.5709530115127563;True;"EntryScorer; BaseModel; AMBIGUOUS(review)"
1537;90;-20223.0513;-26424.5562;90;0.9658154249191284;0.5699356198310852;True;"EntryScorer; BaseModel; AMBIGUOUS(review)"
1538;90;-22474.6513;-21211.5562;270;0.9999960660934448;0.41613495349884033;False;"EntryScorer; BaseModel"
1539;90;-22474.6513;-14390.7562;90;0.9999566078186035;0.404719740152359;False;"EntryScorer; BaseModel"
1540;90;-22474.6513;-9045.5562;270;0.999995231628418;0.3075036406517029;False;"EntryScorer; BaseModel"
1541;90;-22474.6513;-2224.7562;90;0.9999561309814453;0.3448579013347626;False;"EntryScorer; BaseModel"
1542;90;-18299.0513;-26424.5562;90;0.8030867576599121;0.608444094657898;True;"EntryScorer; BaseModel; AMBIGUOUS(review)"
1543;90;-63297.8513;-21211.5562;270;0.9999686479568481;0.4151267409324646;False;"EntryScorer; BaseModel"
1544;90;-63297.8513;-14390.7562;90;0.9998775720596313;0.40375766158103943;False;"EntryScorer; BaseModel"
1545;90;-63297.8513;-9135.5562;270;0.998228132724762;0.9519271850585938;True;"EntryScorer; BaseModel; AMBIGUOUS(review)"
1546;90;-38076.2513;-21211.5562;270;0.9999958276748657;0.41512632369995117;False;"EntryScorer; BaseModel"
1547;90;-38076.2513;-14390.7562;90;0.9999572038650513;0.4038107693195343;False;"EntryScorer; BaseModel"
1548;90;-38076.2513;-2225.7562;90;0.9996227025985718;0.9522106051445007;True;"EntryScorer; BaseModel; AMBIGUOUS(review)"
1549;90;-34228.2513;-21211.5562;270;0.9999958276748657;0.41512611508369446;False;"EntryScorer; BaseModel"
1550;90;-34228.2513;-14390.7562;90;0.9999573230743408;0.4038102924823761;False;"EntryScorer; BaseModel"
1551;90;-34228.2513;-2225.7562;90;0.9996223449707031;0.9522103071212769;True;"EntryScorer; BaseModel; AMBIGUOUS(review)"
1552;90;-43848.2513;-21211.5562;270;0.9995906949043274;0.9707111120223999;True;"EntryScorer; BaseModel; AMBIGUOUS(review)"
1553;90;-43848.2513;-9135.5562;270;0.9999934434890747;0.2716389298439026;False;"EntryScorer; BaseModel"
1554;90;-43848.2513;-2224.7562;90;0.9999616146087646;0.34399381279945374;False;"EntryScorer; BaseModel"
1555;90;-30170.6513;-21211.5562;270;0.9997022747993469;0.9438776969909668;True;"EntryScorer; BaseModel; AMBIGUOUS(review)"
1556;90;-30170.6513;-9135.5562;270;0.9994977712631226;0.23783904314041138;False;"EntryScorer; BaseModel"
1557;90;-30170.6513;-2154.7562;90;0.9996440410614014;0.2772533595561981;False;"EntryScorer; BaseModel"
1558;90;-32304.2513;-21211.5562;270;0.999703586101532;0.9468041658401489;True;"EntryScorer; BaseModel; AMBIGUOUS(review)"
1559;90;-32304.2513;-9135.5562;270;0.9994995594024658;0.23786820471286774;False;"EntryScorer; BaseModel"
1560;90;-32304.2513;-2224.7562;90;0.9996455907821655;0.30452680587768555;False;"EntryScorer; BaseModel"
1561;90;-75632.8185;2985.2438;270;0.9999877214431763;0.3066061735153198;False;"EntryScorer; BaseModel"
1562;90;-75632.8185;10942.8438;90;0.999889612197876;0.3066011965274811;False;"EntryScorer; BaseModel"
1563;90;-75632.8185;16142.8438;270;0.9998329877853394;0.3397865891456604;False;"EntryScorer; BaseModel"
1564;90;-75632.8185;21826.8438;90;0.9998049139976501;0.3126787841320038;False;"EntryScorer; BaseModel"
1565;90;-75632.8185;27126.8438;270;0.9999171495437622;0.37668412923812866;False;"EntryScorer; BaseModel"
1566;90;-75632.8185;32810.8438;90;0.9997817873954773;0.4752555787563324;False;"EntryScorer; BaseModel"
1567;90;-73708.8185;2985.2438;270;0.9999877214431763;0.3066061735153198;False;"EntryScorer; BaseModel"
1568;90;-73708.8185;10942.8438;90;0.9998897314071655;0.30660131573677063;False;"EntryScorer; BaseModel"
1569;90;-73708.8185;16142.8438;270;0.999833345413208;0.3397867679595947;False;"EntryScorer; BaseModel"
1570;90;-73708.8185;21826.8438;90;0.9998052716255188;0.3126787543296814;False;"EntryScorer; BaseModel"
1571;90;-73708.8185;27126.8438;270;0.9999172687530518;0.3766840696334839;False;"EntryScorer; BaseModel"
1572;90;-73708.8185;32810.8438;90;0.9997819066047668;0.47525542974472046;False;"EntryScorer; BaseModel"
1573;90;-71784.8185;2985.2438;270;0.9999877214431763;0.3066061735153198;False;"EntryScorer; BaseModel"
1574;90;-71784.8185;10942.8438;90;0.9998899698257446;0.3066011965274811;False;"EntryScorer; BaseModel"
1575;90;-71784.8185;16142.8438;270;0.9998337030410767;0.33978697657585144;False;"EntryScorer; BaseModel"
1576;90;-71784.8185;21826.8438;90;0.9998056292533875;0.31267887353897095;False;"EntryScorer; BaseModel"
1577;90;-71784.8185;27126.8438;270;0.9999173879623413;0.3766842782497406;False;"EntryScorer; BaseModel"
1578;90;-71784.8185;32810.8438;90;0.999782145023346;0.4752555191516876;False;"EntryScorer; BaseModel"
1579;90;-69860.8185;2985.2438;270;0.9999876022338867;0.306606262922287;False;"EntryScorer; BaseModel"
1580;90;-69860.8185;10942.8438;90;0.999889612197876;0.3066011965274811;False;"EntryScorer; BaseModel"
1581;90;-69860.8185;16142.8438;270;0.9998329877853394;0.3397865295410156;False;"EntryScorer; BaseModel"
1582;90;-69860.8185;21826.8438;90;0.9998049139976501;0.3126787841320038;False;"EntryScorer; BaseModel"
1583;90;-69860.8185;27126.8438;270;0.9999171495437622;0.37668412923812866;False;"EntryScorer; BaseModel"
1584;90;-69860.8185;32810.8438;90;0.9997816681861877;0.47525542974472046;False;"EntryScorer; BaseModel"
1585;90;-66012.8185;2985.2438;270;0.9999877214431763;0.3066061735153198;False;"EntryScorer; BaseModel"
1586;90;-66012.8185;10942.8438;90;0.9998897314071655;0.30660131573677063;False;"EntryScorer; BaseModel"
1587;90;-66012.8185;16142.8438;270;0.9998331069946289;0.3397865891456604;False;"EntryScorer; BaseModel"
1588;90;-66012.8185;21826.8438;90;0.9998050332069397;0.3126789927482605;False;"EntryScorer; BaseModel"
1589;90;-66012.8185;27126.8438;270;0.9999171495437622;0.37668412923812866;False;"EntryScorer; BaseModel"
1590;90;-66012.8185;32810.8438;90;0.9997817873954773;0.4752555787563324;False;"EntryScorer; BaseModel"
1591;90;-64088.8185;2985.2438;270;0.9999879598617554;0.3066065311431885;False;"EntryScorer; BaseModel"
1592;90;-64088.8185;10942.8438;90;0.9998917579650879;0.3066014051437378;False;"EntryScorer; BaseModel"
1593;90;-64088.8185;16142.8438;270;0.9998372793197632;0.339789479970932;False;"EntryScorer; BaseModel"
1594;90;-64088.8185;21826.8438;90;0.9998087286949158;0.3126792311668396;False;"EntryScorer; BaseModel"
1595;90;-64088.8185;27126.8438;270;0.9999188184738159;0.3766852915287018;False;"EntryScorer; BaseModel"
1596;90;-64088.8185;32810.8438;90;0.9997840523719788;0.4752562940120697;False;"EntryScorer; BaseModel"
1597;90;-60240.8185;2985.2438;270;0.9999864101409912;0.3066054582595825;False;"EntryScorer; BaseModel"
1598;90;-60240.8185;10942.8438;90;0.9998804330825806;0.3066002428531647;False;"EntryScorer; BaseModel"
1599;90;-60240.8185;16142.8438;270;0.9998144507408142;0.3397751450538635;False;"EntryScorer; BaseModel"
1600;90;-60240.8185;21826.8438;90;0.9997887015342712;0.31267696619033813;False;"EntryScorer; BaseModel"
1601;90;-60240.8185;27126.8438;270;0.9999099969863892;0.37667933106422424;False;"EntryScorer; BaseModel"
1602;90;-60240.8185;32810.8438;90;0.9997718930244446;0.4752524197101593;False;"EntryScorer; BaseModel"
1603;90;-58316.8185;2985.2438;270;0.9999916553497314;0.30661025643348694;False;"EntryScorer; BaseModel"
1604;90;-58316.8185;10942.8438;90;0.9999144077301025;0.30660468339920044;False;"EntryScorer; BaseModel"
1605;90;-58316.8185;16142.8438;270;0.9998853206634521;0.3398521840572357;False;"EntryScorer; BaseModel"
1606;90;-58316.8185;21826.8438;90;0.9998514652252197;0.31268617510795593;False;"EntryScorer; BaseModel"
1607;90;-58316.8185;27126.8438;270;0.9990818500518799;0.9676334857940674;True;"EntryScorer; BaseModel; AMBIGUOUS(review)"
1608;90;-56392.8185;2985.2438;270;0.9999916553497314;0.30661025643348694;False;"EntryScorer; BaseModel"
1609;90;-56392.8185;10942.8438;90;0.9999144077301025;0.3066047430038452;False;"EntryScorer; BaseModel"
1610;90;-56392.8185;16142.8438;270;0.9998853206634521;0.3398522436618805;False;"EntryScorer; BaseModel"
1611;90;-56392.8185;21826.8438;90;0.9998514652252197;0.31268617510795593;False;"EntryScorer; BaseModel"
1612;90;-56392.8185;27126.8438;270;0.9999411106109619;0.37670794129371643;False;"EntryScorer; BaseModel"
1613;90;-56392.8185;32810.8438;90;0.9998179078102112;0.47527027130126953;False;"EntryScorer; BaseModel"
1614;90;-54468.8185;2985.2438;270;0.9999916553497314;0.30661025643348694;False;"EntryScorer; BaseModel"
1615;90;-54468.8185;10942.8438;90;0.9999144077301025;0.3066047430038452;False;"EntryScorer; BaseModel"
1616;90;-54468.8185;16142.8438;270;0.9998853206634521;0.3398522436618805;False;"EntryScorer; BaseModel"
1617;90;-54468.8185;21826.8438;90;0.9998514652252197;0.31268617510795593;False;"EntryScorer; BaseModel"
1618;90;-54468.8185;27126.8438;270;0.9999411106109619;0.37670794129371643;False;"EntryScorer; BaseModel"
1619;90;-54468.8185;32810.8438;90;0.9998179078102112;0.47527027130126953;False;"EntryScorer; BaseModel"
1620;90;-52544.8185;2985.2438;270;0.9999916553497314;0.30661025643348694;False;"EntryScorer; BaseModel"
1621;90;-52544.8185;10942.8438;90;0.9999144077301025;0.3066047430038452;False;"EntryScorer; BaseModel"
1622;90;-52544.8185;16142.8438;270;0.9998853206634521;0.3398522436618805;False;"EntryScorer; BaseModel"
1623;90;-52544.8185;21826.8438;90;0.9998514652252197;0.31268617510795593;False;"EntryScorer; BaseModel"
1624;90;-52544.8185;27126.8438;270;0.9999411106109619;0.37670794129371643;False;"EntryScorer; BaseModel"
1625;90;-52544.8185;32810.8438;90;0.9998179078102112;0.47527027130126953;False;"EntryScorer; BaseModel"
1626;90;-48696.8185;2985.2438;270;0.9999990463256836;0.3066088557243347;False;"EntryScorer; BaseModel"
1627;90;-48696.8185;10942.8438;90;0.9999667406082153;0.30665168166160583;False;"EntryScorer; BaseModel"
1628;90;-48696.8185;16142.8438;270;0.9999786615371704;0.34004586935043335;False;"EntryScorer; BaseModel"
1629;90;-48696.8185;21826.8438;90;0.9999401569366455;0.31281837821006775;False;"EntryScorer; BaseModel"
1630;90;-48696.8185;27126.8438;270;0.999990701675415;0.3767316937446594;False;"EntryScorer; BaseModel"
1631;90;-48696.8185;32810.8438;90;0.9999372959136963;0.4754524827003479;False;"EntryScorer; BaseModel"
1632;90;-44639.2185;2985.2438;270;0.999998927116394;0.3066076338291168;False;"EntryScorer; BaseModel"
1633;90;-44639.2185;10942.8438;90;0.9999674558639526;0.30664804577827454;False;"EntryScorer; BaseModel"
1634;90;-44639.2185;16142.8438;270;0.9999771118164062;0.33999088406562805;False;"EntryScorer; BaseModel"
1635;90;-44639.2185;21826.8438;90;0.9999415874481201;0.3128087520599365;False;"EntryScorer; BaseModel"
1636;90;-44639.2185;27126.8438;270;0.9999899864196777;0.3767196238040924;False;"EntryScorer; BaseModel"
1637;90;-44639.2185;32810.8438;90;0.9999387264251709;0.4754362106323242;False;"EntryScorer; BaseModel"
1638;90;-42715.2185;2985.2438;270;0.9999988079071045;0.3066055476665497;False;"EntryScorer; BaseModel"
1639;90;-42715.2185;10942.8438;90;0.9999687671661377;0.306641548871994;False;"EntryScorer; BaseModel"
1640;90;-42715.2185;16142.8438;270;0.9999740123748779;0.33991116285324097;False;"EntryScorer; BaseModel"
1641;90;-42715.2185;21826.8438;90;0.9999440908432007;0.3127904534339905;False;"EntryScorer; BaseModel"
1642;90;-42715.2185;27126.8438;270;0.9999885559082031;0.3767021596431732;False;"EntryScorer; BaseModel"
1643;90;-42715.2185;32810.8438;90;0.9999414682388306;0.4754089415073395;False;"EntryScorer; BaseModel"
1644;90;-40791.2185;2985.2438;270;0.9999988079071045;0.3066055476665497;False;"EntryScorer; BaseModel"
1645;90;-40791.2185;10942.8438;90;0.9999687671661377;0.306641548871994;False;"EntryScorer; BaseModel"
1646;90;-40791.2185;16142.8438;270;0.9999740123748779;0.33991116285324097;False;"EntryScorer; BaseModel"
1647;90;-40791.2185;21826.8438;90;0.9999440908432007;0.3127904534339905;False;"EntryScorer; BaseModel"
1648;90;-40791.2185;27126.8438;270;0.9999885559082031;0.3767021596431732;False;"EntryScorer; BaseModel"
1649;90;-40791.2185;32810.8438;90;0.9999414682388306;0.4754089415073395;False;"EntryScorer; BaseModel"
1650;90;-36943.2185;2985.2438;270;0.9999988079071045;0.3066055476665497;False;"EntryScorer; BaseModel"
1651;90;-36943.2185;10942.8438;90;0.9999687671661377;0.306641548871994;False;"EntryScorer; BaseModel"
1652;90;-36943.2185;16142.8438;270;0.9999740123748779;0.33991116285324097;False;"EntryScorer; BaseModel"
1653;90;-36943.2185;21826.8438;90;0.9999440908432007;0.3127904534339905;False;"EntryScorer; BaseModel"
1654;90;-36943.2185;27126.8438;270;0.9999885559082031;0.3767021596431732;False;"EntryScorer; BaseModel"
1655;90;-36943.2185;32810.8438;90;0.9999414682388306;0.4754089415073395;False;"EntryScorer; BaseModel"
1656;90;-33095.2185;2985.2438;270;0.9999988079071045;0.3066055476665497;False;"EntryScorer; BaseModel"
1657;90;-33095.2185;10942.8438;90;0.9999686479568481;0.3066421449184418;False;"EntryScorer; BaseModel"
1658;90;-33095.2185;16142.8438;270;0.999974250793457;0.3399161994457245;False;"EntryScorer; BaseModel"
1659;90;-33095.2185;21826.8438;90;0.9999439716339111;0.31279173493385315;False;"EntryScorer; BaseModel"
1660;90;-33095.2185;27126.8438;270;0.9999886751174927;0.37670302391052246;False;"EntryScorer; BaseModel"
1661;90;-33095.2185;32810.8438;90;0.9999412298202515;0.47541067004203796;False;"EntryScorer; BaseModel"
1662;90;-29247.2185;2985.2438;270;0.9999988079071045;0.3066052794456482;False;"EntryScorer; BaseModel"
1663;90;-29247.2185;10942.8438;90;0.9999690055847168;0.30664029717445374;False;"EntryScorer; BaseModel"
1664;90;-29247.2185;16142.8438;270;0.9999731779098511;0.3398962914943695;False;"EntryScorer; BaseModel"
1665;90;-29247.2185;21826.8438;90;0.9999446868896484;0.31278684735298157;False;"EntryScorer; BaseModel"
1666;90;-29247.2185;27126.8438;270;0.9999881982803345;0.37669914960861206;False;"EntryScorer; BaseModel"
1667;90;-29247.2185;32810.8438;90;0.9999419450759888;0.47540339827537537;False;"EntryScorer; BaseModel"
1668;90;-27323.2185;2985.2438;270;0.9999949932098389;0.30660033226013184;False;"EntryScorer; BaseModel"
1669;90;-27323.2185;10942.8438;90;0.9999785423278809;0.3066059648990631;False;"EntryScorer; BaseModel"
1670;90;-27323.2185;16142.8438;270;0.9998856782913208;0.3396974802017212;False;"EntryScorer; BaseModel"
1671;90;-27323.2185;21826.8438;90;0.9999631643295288;0.31268683075904846;False;"EntryScorer; BaseModel"
1672;90;-27323.2185;27126.8438;270;0.9999507665634155;0.37665224075317383;False;"EntryScorer; BaseModel"
1673;90;-27323.2185;32810.8438;90;0.999962568283081;0.4752514362335205;False;"EntryScorer; BaseModel"
1674;90;-25399.2185;2985.2438;270;0.9999973773956299;0.3066011071205139;False;"EntryScorer; BaseModel"
1675;90;-25399.2185;10942.8438;90;0.9999756813049316;0.30661508440971375;False;"EntryScorer; BaseModel"
1676;90;-25399.2185;16142.8438;270;0.9999406337738037;0.339728981256485;False;"EntryScorer; BaseModel"
1677;90;-25399.2185;21826.8438;90;0.9999566078186035;0.31271421909332275;False;"EntryScorer; BaseModel"
1678;90;-25399.2185;27126.8438;270;0.9999737739562988;0.3766598403453827;False;"EntryScorer; BaseModel"
1679;90;-25399.2185;32810.8438;90;0.9999550580978394;0.47530075907707214;False;"EntryScorer; BaseModel"
1680;0;-80135.2185;3747.2438;180;0.5644671320915222;0.7645387649536133;True;"EntryScorer; BaseModel; AMBIGUOUS(review)"
1681;0;-80135.2185;5671.2438;180;0.5644671320915222;0.4426937401294708;False;"EntryScorer; BaseModel"
1682;0;-80135.2185;7595.2438;180;0.5645648241043091;0.4369744062423706;False;"EntryScorer; BaseModel"
1683;0;-80135.2185;16904.8438;180;0.5644671320915222;0.7273263931274414;True;"EntryScorer; BaseModel; AMBIGUOUS(review)"
1684;0;-80135.2185;18828.8438;180;0.5641797780990601;0.4421001374721527;False;"EntryScorer; BaseModel"
1685;0;-80135.2185;20752.8438;180;0.5640584826469421;0.5882813334465027;True;"EntryScorer; BaseModel; AMBIGUOUS(review)"
1686;0;-80114.6513;28156.0724;180;0.5629838705062866;0.5558528304100037;True;"EntryScorer; BaseModel; AMBIGUOUS(review)"
1687;0;-80114.6513;30080.0724;180;0.5636230111122131;0.45031672716140747;False;"EntryScorer; BaseModel"
1688;0;-80114.6513;32004.0724;180;0.5641322135925293;0.5691204071044922;True;"EntryScorer; BaseModel; AMBIGUOUS(review)"
1689;0;-80135.2185;9519.2438;180;0.5635156035423279;0.4969475567340851;False;"EntryScorer; BaseModel"
1690;0;-13570.4185;32048.8438;0;0.827841579914093;0.8652423620223999;True;"EntryScorer; BaseModel; AMBIGUOUS(review)"
1691;0;-13570.4185;30124.8438;0;0.8216784596443176;0.7909954786300659;True;"EntryScorer; BaseModel; AMBIGUOUS(review)"
1692;0;-13570.4185;28200.8438;0;0.8279308676719666;0.8403061032295227;True;"EntryScorer; BaseModel; AMBIGUOUS(review)"
1693;90;-62164.8185;2985.2438;270;0.9978216886520386;0.6795382499694824;True;"EntryScorer; BaseModel; AMBIGUOUS(review)"
1694;90;-62164.8185;16142.8438;270;0.9998008608818054;0.33976811170578003;False;"EntryScorer; BaseModel"
1695;90;-62164.8185;21826.8438;90;0.9997767806053162;0.3126755952835083;False;"EntryScorer; BaseModel"
1696;90;-62164.8185;32810.8438;90;0.9983293414115906;0.44547614455223083;False;"EntryScorer; BaseModel"
1697;90;-46563.2185;2985.2438;270;0.9994798302650452;0.46595239639282227;False;"EntryScorer; BaseModel"
1698;90;-46563.2185;16142.8438;270;0.9999614953994751;0.33978989720344543;False;"EntryScorer; BaseModel"
1699;90;-46563.2185;21826.8438;90;0.9999505281448364;0.3127487003803253;False;"EntryScorer; BaseModel"
1700;90;-46563.2185;32810.8438;90;0.9997326731681824;0.5070803165435791;False;"EntryScorer; BaseModel"
1701;90;-31171.2185;2985.2438;270;0.999538779258728;0.7094136476516724;True;"EntryScorer; BaseModel; AMBIGUOUS(review)"
1702;90;-31171.2185;16142.8438;270;0.9999728202819824;0.33988967537879944;False;"EntryScorer; BaseModel"
1703;90;-31171.2185;21826.8438;90;0.9999449253082275;0.31278496980667114;False;"EntryScorer; BaseModel"
1704;90;-31171.2185;32810.8438;90;0.9996991157531738;0.5560811758041382;True;"EntryScorer; BaseModel; AMBIGUOUS(review)"
1705;90;-21551.2185;16142.8438;270;0.9999711513519287;0.33986687660217285;False;"EntryScorer; BaseModel"
1706;90;-21551.2185;21826.8438;90;0.9999459981918335;0.31277766823768616;False;"EntryScorer; BaseModel"
1707;90;-21551.2185;27126.8438;270;0.9999873638153076;0.3766923248767853;False;"EntryScorer; BaseModel"
1708;90;-21551.2185;32810.8438;90;0.9999433755874634;0.4753899872303009;False;"EntryScorer; BaseModel"
1709;90;-23475.2185;2985.2438;270;0.9999986886978149;0.30661433935165405;False;"EntryScorer; BaseModel"
1710;90;-23475.2185;10942.8438;90;0.9999701976776123;0.3066723346710205;False;"EntryScorer; BaseModel"
1711;90;-23475.2185;16142.8438;270;0.999969482421875;0.3398479223251343;False;"EntryScorer; BaseModel"
1712;90;-23475.2185;21826.8438;90;0.9999468326568604;0.3127712309360504;False;"EntryScorer; BaseModel"
1713;90;-23475.2185;27126.8438;270;0.9999865293502808;0.376687616109848;False;"EntryScorer; BaseModel"
1714;90;-23475.2185;32810.8438;90;0.9999445676803589;0.4753802716732025;False;"EntryScorer; BaseModel"
1715;90;-19627.2185;21826.8438;90;0.9999667406082153;0.34851348400115967;False;"EntryScorer; BaseModel"
1716;90;-19627.2185;27126.8438;270;0.9999752044677734;0.3766609728336334;False;"EntryScorer; BaseModel"
1717;90;-19627.2185;32810.8438;90;0.9999542236328125;0.4753054976463318;False;"EntryScorer; BaseModel"
1718;90;-19610.9327;18475.0438;270;0.00024257536279037595;0.9310553669929504;True;"EntryScorer; BaseModel; AMBIGUOUS(review)"
1719;90;-19594.647;17326.8438;270;0.9999246597290039;0.7125300168991089;True;"EntryScorer; BaseModel; AMBIGUOUS(review)"
1720;90;-17703.2185;21826.8438;90;0.9997403025627136;0.5426324605941772;False;"EntryScorer; BaseModel"
1721;90;-17703.2185;27126.8438;270;0.9999532699584961;0.3766525685787201;False;"EntryScorer; BaseModel"
1722;90;-17703.2185;32810.8438;90;0.9999622106552124;0.47525542974472046;False;"EntryScorer; BaseModel"
1723;90;-15779.2185;19623.2438;270;0.9998742341995239;0.9593831300735474;True;"EntryScorer; BaseModel; AMBIGUOUS(review)"
1724;90;-15779.2185;32810.8438;90;0.9990231990814209;0.4373202919960022;False;"EntryScorer; BaseModel"
1725;0;-13564.4142;21012.5701;0;0.8218317031860352;0.9268612861633301;True;"EntryScorer; BaseModel; AMBIGUOUS(review)"
1726;0;-21266.4185;10180.8438;0;0.8293290734291077;0.8943076729774475;True;"EntryScorer; BaseModel; AMBIGUOUS(review)"
1727;0;-21266.4185;8256.8438;0;0.8293290734291077;0.8194573521614075;True;"EntryScorer; BaseModel; AMBIGUOUS(review)"
1728;0;-21266.4185;6332.8438;0;0.8293290734291077;0.8194573521614075;True;"EntryScorer; BaseModel; AMBIGUOUS(review)"
1729;0;-21266.4185;4408.8438;0;0.8293290734291077;0.8194573521614075;True;"EntryScorer; BaseModel; AMBIGUOUS(review)"
1730;90;-35019.2185;2985.2438;270;0.9999988079071045;0.3066055476665497;False;"EntryScorer; BaseModel"
1731;90;-35019.2185;10942.8438;90;0.9999687671661377;0.3066413402557373;False;"EntryScorer; BaseModel"
1732;90;-35019.2185;16142.8438;270;0.9999738931655884;0.33990952372550964;False;"EntryScorer; BaseModel"
1733;90;-35019.2185;21826.8438;90;0.9999442100524902;0.31279003620147705;False;"EntryScorer; BaseModel"
1734;90;-35019.2185;32809.8438;90;0.9996927976608276;0.9677935242652893;True;"EntryScorer; BaseModel; AMBIGUOUS(review)"
1735;90;-38867.2185;2985.2438;270;0.9999988079071045;0.3066054582595825;False;"EntryScorer; BaseModel"
1736;90;-38867.2185;10942.8438;90;0.9999687671661377;0.30664125084877014;False;"EntryScorer; BaseModel"
1737;90;-38867.2185;21825.8438;90;0.9996980428695679;0.9594281911849976;True;"EntryScorer; BaseModel; AMBIGUOUS(review)"
1738;90;-38867.2185;27126.8438;270;0.9999884366989136;0.3767012655735016;False;"EntryScorer; BaseModel"
1739;90;-38867.2185;32810.8438;90;0.9999415874481201;0.47540733218193054;False;"EntryScorer; BaseModel"
1740;90;-50620.8185;10941.8438;90;0.9975078105926514;0.9579648375511169;True;"EntryScorer; BaseModel; AMBIGUOUS(review)"
1741;90;-50620.8185;16142.8438;270;0.9990635514259338;0.9592676162719727;True;"EntryScorer; BaseModel; AMBIGUOUS(review)"
1742;90;-50620.8185;27126.8438;270;0.9999408721923828;0.37670761346817017;False;"EntryScorer; BaseModel"
1743;90;-50620.8185;32810.8438;90;0.9998176693916321;0.47527050971984863;False;"EntryScorer; BaseModel"
1744;90;-67936.8185;2985.2438;270;0.9999876022338867;0.3066060245037079;False;"EntryScorer; BaseModel"
1745;90;-67936.8185;10942.8438;90;0.9998888969421387;0.30660122632980347;False;"EntryScorer; BaseModel"
1746;90;-67936.8185;16142.8438;270;0.998854398727417;0.9592231512069702;True;"EntryScorer; BaseModel; AMBIGUOUS(review)"
1747;90;-67936.8185;27126.8438;270;0.9999165534973145;0.3766835927963257;False;"EntryScorer; BaseModel"
1748;90;-67936.8185;32810.8438;90;0.9997809529304504;0.4752553105354309;False;"EntryScorer; BaseModel"
